character,user,makise
Rintaro,Ah...,Could you come with me for a moment?
Rintaro,Y-you’re with the Organization!?,Huh?
Rintaro,"If their tendrils have gotten this far, then I’ve made a grave mistake.",Stop fooling around and come with me.
Rintaro,... Try anything and people are sure to notice. What will your superiors say then?,What are you talking about? I just need to ask you something.
Rintaro,What makes you think I’ll answer? I know how the Organization operates.,What’s with this ’Organization’ stuff?
Rintaro,What are you doing!?,Huh? Your phone’s off.
Rintaro,"Y-your techniques don’t work on me, but I’ll tell you anyway. That’s no ordinary phone. It’s designed to deactivate the moment it leaves my hand. Muhahaha!",...So you talk to yourself.
Rintaro,Guh!,What were you trying to tell me earlier?
Rintaro,What are you talking about?,"About fifteen minutes ago. Before the conference started. You were trying to tell me something, right? You looked really upset. You looked like you were going to start crying any second. Why? Have we met before? And how do you know my name?"
Rintaro,"My knowledge has no limits. Genius girl, our next meeting shall be as enemies!",Huh?
Rintaro,Wha...!? You... you...!,Is there something wrong? O-ow!
Rintaro,Y-you... You should be dead! Why are you here!? And you’re even... Not a scratch...,"Hey, that hurts! Let me go! What’s wrong with you?"
Rintaro,I sent you an email? Don’t be ridiculous! I saw her dead just three hours ago!,Hey! Could you not talk about me like that? I’m perfectly fine.
Itaru,"You know, that message was kinda weird. It was dated a week after I got it, which means it came from the future.",It came from the future?
Rintaro,This is the email I sent you three hours ago.,Interesting...
Itaru,"O-Okarin, I don’t think that’s a good idea...",...Hey. Are you trying to get yourself arrested?
Rintaro,I just want to know the truth.,"What truth, you perv!? You stupid!? Wanna die!?"
Rintaro,I know what I saw!,No way! Did you just see my underw...!?
Rintaro,"No, you fool! Not that!",... Wait. Doctor Nakabachi?
Itaru,Yeah. Because of the satellite crash.,"Excuse me, um..."
Itaru,"Really, man? You’re hopeless...","Okay, Hououin-san. I’d like to hear your story in more detail."
Professor,Makise-san? It’s almost time.,"Huh? Oh, right. Thank you."
Itaru,"To hear the lecture, duh?","Um, I’d like to thank everyone for coming to hear me speak today."
Rintaro,She’s the one giving the lecture...,"It’s my first time giving a lecture like this, so please forgive me if I’m a little nervous. For today’s lecture, I’ve been asked to speak on the subject of time travel. It’s not really my area of expertise, but I’ll try my best."
Rintaro,Time travel? Oh-ho...,Let me start by saying that time travel is an absurd concept.
Rintaro,OBJECTION!,Hwa...!?
Itaru,"Okarin, you magnificent fool!","Um... okay. It’s fine, I guess. It’ll be easier to talk in a discussion format. But before that, please listen to my thoughts on the subject. Scientists have proposed many theoretical models of time travel, but there are eleven in particular that bear mentioning. Neutron Star Theory. Black Hole Theory. Lightspeed Theory. Tachyon Theory. Wormhole Theory. Exotic Matter Theory. Cosmic String Theory. Quantum Gravity Theory. Cesium Laser Theory. Elementary Particle Ring & Laser Theory. Dirac Antiparticle Theory."
Rintaro,"Well, what if someone comes up with a 12th model?","Hm? Ahh, uhh, right, well... It could be contradicted by the 13th model, now couldn’t it? By the way, time travel to the future is available to us right now, according to Einstein’s special theory of relativity. For example, let’s say someone were to go to Haneda Airport and board a plane headed to Okinawa. Upon arrival, that person would be about one hundred millionth of a second farther into the future than I am. According to the special theory of relativity, time moves slower for objects as they approach the speed of light. For example, if you could run at near the speed of light, you could reach a point where time only moves half as fast for you. If you were to keep running at that speed for 24 hours, 48 hours would elapse in the rest of the world, meaning you would ’jump’ one day into the future. Understand, Hououin Kyouma?"
Professor,"But that’s not really time travel, is it?","Yes, you’re right."
Professor,Then what about going to the past?,"Going to the past is possible right now. Take a look at the sky at night. You can see light from tens of thousands of years ago, can’t you?"
Student,That’s not time travel either!,"Well, I was just getting started. Let’s say we wanted to make a machine that could physically transport people through time. What would we need? The best candidates for this are cosmic strings and wormholes. A cosmic string is a string-shaped ’crevice’ with extreme mass. The crevice is about as wide as an elementary particle, and at least as long as the diameter of a galaxy. It has immense mass, so it distorts space-time. If you were to travel through that distortion, you could make a full circle around the string in less than 360 degrees. In short, you can do something resembling a warp. This is called a space-time angular deficit. When you pass through an area of angular deficit, transit time becomes zero. Now we apply this to a cosmic string moving at near-light speed. According to the special theory of relativity, time will flow slower for the cosmic string in relation to its surroundings. Therefore, passing through the area of angular deficit would cause the transit time to become negative instead of zero. In other words, you will arrive in the past after transit. If you use two cosmic strings, you can do a space deficit jump. If you loop back to your original location, you can return to the same time you started revolving. And that, roughly speaking, is time travel by means of cosmic strings. By the way, just so nobody misunderstands, cosmic strings are not the same as superstrings. Now then, you need three things in order to travel to the past with cosmic strings. First. The cosmic strings themselves. Two strings, to be exact. By the way, they are hypothesized to exist only where the universe was first formed, so they might be a little hard to find. Second. You would need the energy required to make them move them at near-light speed. How much energy do you think you’d need to accelerate something as long as the Milky Way to near the speed of light? I’m pretty sure it’s a little more than 1.21 jigowatts. Third. You’d need a spaceship capable of reaching these cosmic strings and returning. With the time traveler alive, of course. What do you think, Hououin-san? Care to take on the challenge of cosmic string time travel? Hm? Looks like Hououin-san doesn’t want to take the challenge. In that case, let’s consider wormholes. They may be a little more realistic than cosmic strings. By the way, Hououin-san. Do you know what wormholes are?"
Rintaro,It’s like a shortcut through space... right?,"Yes, that’s correct. There are two wormholes joined by a tunnel. No matter how far away the wormholes are, transit time through the tunnel is zero. But oh no, there’s a problem. The wormhole tunnel suffers from super gravity, and collapses as soon as it opens. So we need something to negate the effect of gravity. So-called ’exotic matter’. A substance with negative mass which repulses other matter. Say that the wormhole tunnel is being squished by an invisible fist. ”In order to pass through, you need something that could oppose my fist’s ’grasping force’ so that I can’t squish anymore.” If you stabilize the tunnel with exotic matter injection, instantaneous travel between wormholes becomes possible. To travel through time, however, takes a little more effort. For example, let’s say there’s a wormhole entrance here in Akihabara, and the exit is in Los Angeles. First, we send the wormhole in LA all the way to the end of the universe at near the speed of light. And once it’s there, we yank it back to LA. According to the special theory of relativity, time slows down for objects moving at the speed of light. Meaning the hole that returned to LA would be further in the past than the Akihabara hole. So now, if Hououin-san jumped into the wormhole, he’d arrive in LA several years before he left. However, this still can’t be called true time travel. It only seems that way. This is called the Urashima effect. The important part is to return to Akihabara from LA through the wormhole once more. Since the transit time is zero... Hououin-san will return to Akihabara several years in the past. Time travel complete. The prerequisites for wormhole travel are simpler than the ones for cosmic string travel. First. The wormhole itself. They may exist somewhere in the universe. But nobody has ever seen one. Second. The energy required to move a wormhole to the end of the universe and back at near-light speed. Third. Exotic matter, which, by the way, has not been confirmed to exist. Now do you see what I meant when I said that time travel is an absurd concept? Time travel theories are all just thought experiments. Not one of them can create a viable time machine. That is my answer."
Student,"Isn’t there anything simpler? Like something you can pull out of a drawer and just use, or something.","I’m afraid not. This is the limit of modern physics. I can’t say how it might change in ten years, though. Besides, even if someone did overcome the logistical requirements, there may be other factors that prevent time travel from working. And that’s because fundamental problems concerning the principle of causality have not yet been solved."
Rintaro,You mean time paradoxes... and conservation of mass?,"If you think that conservation of mass applies to macro-systems like the universe or micro-systems like atoms or elementary particles, you’re mistaken. Heh. Conservation of mass only applies to chemical reactions. It doesn’t hold in modern physics at all. Something can come from nothing."
Professor,Then what is the problem?,"The time paradox of time paradoxes. In other words, the Grandfather Paradox. As long as this paradox goes unsolved, time travel can never be realized. Never."
Student,What if you just don’t kill them?,"You can’t think of it like a sci-fi movie. It’s not just about your family tree. There are far greater dangers than that. Any paradox, no matter how small, would cause the total collapse of causality, relativity, and every other physical law in existence. Paradoxes are nothing more than thought experiments. They cannot occur in reality, and they should not. Nothing that has even a 0.000001% chance of causing a paradox can happen. The universe won’t allow it. Wouldn’t you say this is the logical conclusion? There may be loopholes, like parallel worlds or the self-consistency principle, but those seem too much like fantasy for me to accept."
Itaru,"”Nice exposition, bro.”",Who are you calling a zombie?
Rintaro,What is the meaning of this!? What is your purpose here?,"I’m here to see you, Okabe Rintaro-san. Or is it Hououin Kyouma-san?"
Rintaro,"I was right! You’re one of the Organization’s top agents, an esper with superhuman powers! No wonder you rose from the dead!","I’m not dead, alright? Please stop killing me off. Hashida-san, can you do something about this guy?"
Rintaro,"Are you being blackmailed? Or did she seduce you? YOU’VE CROSSED THE LINE, BIIITTCH!",Get ahold of yourself. Hashida-san gave me the address after yesterday’s lecture. He also told me your name.
Rintaro,"So you’re here to see me, is that it?","Yes. You claimed to have seen me die. I came to see if that was the truth, or just a pathetic excuse to grope me. I came for the answer. But your current behavior is all the answer I need. It was all an act to grope me. My initial hypothesis was correct."
Rintaro,Not so fast. There’s more to this than you know.,"Anyway, let’s put that aside for now."
Rintaro,R-really?,"I haven’t properly introduced myself yet, have I? I’m Makise Kurisu. Pleased to meet you. You can’t even shake hands? Are all Japanese men this difficult?"
Rintaro,You’re not Japanese!?,I’ve lived in America for seven years. What about it?
Rintaro,America...,What’s your problem?
Rintaro,I can feel your aura of malice. You must be a powerful kung-fu master.,Don’t be ridiculous.
Rintaro,Then you’re a NINJA--,Give it a rest.
Rintaro,"If you grew up in America, shouldn’t you say ’HAHAHA! NICE TO MEET YOU!’ with a smile across your whole face when asking for a handshake? No, wait, you should be asking for a hug, right?",What kind of stereotype is that? ...Fascinating. Have any forceps?
Rintaro,No!,Oh.
Rintaro,What are you doing!? That’s precious data!,It’s squishy. ...No taste. Gross.
Rintaro,"You have quite the appetite, I see. A side-effect of the resurrection, perhaps? If you’re that hungry, I guess I could give you a banana or two!",No thanks.
Rintaro,"Come, don’t be shy. This is an offering. Take it!",As if. Who would eat some perv’s banana?
Itaru,"A perv’s banana...! Eat... a perv’s banana... squishy... finger in mouth... ’Gross!’ with a sour expression... Um, can you say that one more time? With a more humiliated expression, if you please.",Huh?
Itaru,"Come on. Say, ’Who would eat some perv’s banana?’ but if you could add an, ’Ahh, but it’s so...’ after that, it would be extra delicious!",Huh? ...huh? ...Ah!!
Rintaro,"Muhaha! Oh, Daru. You may be a worthless, disgusting perv, but let me say, well done, sir! So, Makise Kurisu. You just imagined something, didn’t you? By all means, tell us what. Don’t be shy. Muhahaha!",Why you...
Rintaro,"Come on! Say it, genius girl! What’s the imagination of a genius like? I’d love to hear from you!",You... ass! I get it. You’re both pervs.
Rintaro,I don’t want to hear that from you.,"Okay! If I came off as a little rude, I apologize. I was only acting that way because you molested me, but I’ll ignore that for now. Please tell me what happened to this banana. I’d also like to hear about that... That microwave thing."
Rintaro,That’s top secret. The one thing I’m cleared to share with unauthorized individuals is that its name is the PhoneWave (name subject to change).,Name subject to change? What’s that about?
Rintaro,PhoneWave is weak. It needs a better name.,I couldn’t care less about its name.
Rintaro,Hmm... well...,That creepy grin... are you thinking perverted thoughts again?
Rintaro,"You said your name’s Christina, right?",Who the hell’s Christina!? I never said that!
Rintaro,"If you wish to learn the secrets of this microwave, then you must meet my conditions.",...Which are?
Rintaro,Condition One: You must become a lab mem.,Ramen?
Rintaro,"No! Lab mem, stupid! Short for laboratory member!",You mean you want me to join your research team? I’m supposed to return to America in August.
Rintaro,"I’ll have you sign a non-disclosure agreement so you won’t betray our secrets. Break the agreement, and I’ll report your steamy, perverted acts to Science Magazine.",Gh...
Rintaro,"From the moment you become a lab mem to the moment of your departure, your brain shall be used for the benefit of our lab.","You’re so full of it. Let’s see the contract, then."
Rintaro,"What contract? This is a lab, not a corporation!","I don’t mind lending you my knowledge, but if there is more pervy nonsense involved, the answer is NO."
Rintaro,"Don’t worry, we don’t bite.",No more molestation?
Rintaro,"No, alright!?","You said that was condition one. So there’s gotta be a second one, right? It better not be--"
Rintaro,"Those are the conditions! If you can’t accept them, then you must leave at once! Heh heh heh. So what’ll it be? I don’t think it’s a bad deal at all.",You mean for you. Geez... I feel like I’m hypersecreting noradrenaline. Let me pick my jaw up off the floor.
Rintaro,"I don’t care about your dislocated jaw! Do you accept the conditions or not? Answer me, Christina!",Stop adding -tina! My name’s Kurisu! ...Okay. I accept.
Rintaro,"Hehehe, good answer. From this moment forth, you are Lab Mem Number 004. Welcome, Christina -- codename, The Zombie!","I won’t answer to either. Use my real name, Hououin."
Rintaro,You say something? Genius perv girl?,Come on! No more saying ’perv’! I won’t treat you like a perv either! So let’s drop it already!
Rintaro,"As long as you understand. Now for the issue at hand. Daru, give Christina--",No ’-tina’ either.
Rintaro,Let’s hear your opinion.,"I think we can at least throw out completely worthless theories like electromagnetic weaponry and teleportation. Can we run the experiment one more time? I want to see it for myself. Okabe-san, Hashida-san, please watch the bananas."
Rintaro,"Who are you to give me orders? I am the mad scientist, Houou--",Whatever. Just keep your eye on the bananas! Sixty seconds have passed. Any change?
Itaru,Nope.,100 seconds.
Rintaro,How does it look?,"Huh? Oh... uh... A-at 104 seconds, it d-disappeared. Abruptly. Yeah."
Rintaro,So it is a teleporter! The first in human history!,"... Teleportation... is that even possible? It did move... No matter how unbelievable that may be... Could it be quantum teleportation... no, that only occurs on the quantum level..."
Rintaro,Don’t avert your eyes from the truth! What you’ve seen with your own eyes is everything!,Did it really teleport? It’s dangerous to reason from the conclusion.
Rintaro,"Well then, genius girl, what do you call this phenomenon?",... Let’s sort this out. Neither the banana bunch nor the frozen chicken teleported. Correct?
Rintaro,"...So, maybe there’s a size limit for objects that can teleport.",But aren’t those chicken pieces smaller than bananas?
Itaru,"That’s quite a lot, then.","What about salt? You experimented with salt too, right? Maybe the plate was in the way."
Rintaro,"Of course we tried it without the plate, but that didn’t change anything.","Then, maybe each individual grain of salt was too small... or something? Hmm... I need a clue... Anything else? Have you noticed anything else about the PhoneWave?"
Rintaro,Not PhoneWave. PhoneWave (name subject to change).,Forget about that. So? Have you noticed anything or not?
Itaru,That’s because you weren’t around when it happened.,Discharge? How much?
Itaru,"It was like a fluorescent light lit up the development room. It lasted about two seconds, I guess.",What were the circumstances?
Itaru,Around noon yesterday. When you went to see Doctor Nakabachi’s presentation.,Doctor Nakabachi...
Itaru,An email?,"That email you showed me at ATF yesterday? It said someone stabbed me at the presentation, didn’t it?"
Rintaro,I get it... So that’s what happened.,"Uh, what?"
Rintaro,Huh?,I understand that they’re related somehow. But how?
Rintaro,"It’s your job to figure that out, Christina.","Hashida-san, talking to this guy’s so tiring."
Mayuri,"I’m home! So hungry... Time to eat some chicken! Juicy Chicken Number One♪ Okarin, did you buy the bananas? Okarin? Huh? We have a guest? I’m Mayushii. Nice to meet you!","I’m Makise. Apparently, I’m a lab mem now."
Rintaro,You there. Assistant!,Huh? Me?
Rintaro,Who else!?,When did I become your assistant!?
Rintaro,Just send something to my phone!,I don’t even know your email address.
Rintaro,What a useless assistant.,Don’t call me your assistant!
Rintaro,Send ’Christina’s a perv’!,I thought we agreed to stop saying that!
Rintaro,You traitor!,"Good job, Hashida-san!"
Mayuri,Oh no! Mayushii’s bananas! They became gelbanas...,We experimented on them.
Itaru,Want me to send the mail now?,"You’ll be reimbursed later. By Hououin-san, that is."
Mayuri,Huh? Wawah!,An electrical discharge!
Itaru,S-somehow.,That was definitely more than two seconds.
Mayuri,"Hmm... It doesn’t hurt anywhere, so I think I’m okay...",H-hey! Look at this!
Itaru,"What the hell? How did that... Yeah, it’s a microwave, but it’s not heavy enough to make a hole in the floor...",This can’t be caused by electrical discharge. Some other phenomenon?
Rintaro,Juicy Chicken Number One made a noble sacrifice for the progress of science. Let us pray for his happiness in the next life.,"The chicken doesn’t matter! Right now, we need to determine what happened with the Phonewa--"
Mayuri,"It doesn’t matter? That’s so mean, uh, Christina-chan...","Hey, Hououin Kyouma! Do something about this! Mayushii-san learned my name wrong!"
Rintaro,"Silence, all of you! Muhaha! Muhahaha! MUHAHAHAHA! It all connects. There’s a meaning behind this series of events, and only one true answer. I’ve discovered the PhoneWave (name subject to change)’s true hidden function! This isn’t intuition. That’s right. This is conviction!",Just spit it out. What do you think it is?
Rintaro,"First, let me say one thing. The greatest inventions are created by accident. This we call serendipity.",Get on with it.
Rintaro,The mail was sent to the past. The chicken returned to its frozen state. The plucked banana returned to the bunch.,...No way.
Mayuri,"Ehehe! That’s true. Oh, just now, when I was looking at the stars, I decided to have ramen for lunch today!",Ah.
Rintaro,"Well, if it isn’t my assistant. What are you doing here?",Hey. When did I become your assistant? ...Why are you glaring at me?
Rintaro,Don’t worry about it. You’re not the cause of my frustration.,"Oh, so you’re just raging? Don’t glare at me."
Rintaro,"You’ve glared at me before, haven’t you?","That’s because you keep doing pervy-- Ah, no, I’m not saying anything. Are the emails you’re getting really that unpleasant?"
Rintaro,"They’re more... unreasonable than unpleasant. So, Christina, what brings you here?","If you’re going to call me names, could you at least be consistent? Anyway, my business here doesn’t concern you."
Rintaro,Why are you pouting?,I’m not pouting. I just don’t want to get involved in your silly games again.
Rintaro,Nonsense. You’re already a lab mem. You have a duty to work for the benefit of the lab!,...I regret losing myself to curiosity back then.
Rintaro,Did you come to see the satellite?,"...I guess. It doesn’t make sense. Normally, they calculate satellites’ orbits so that they burn up in the atmosphere when they fall. So how can that thing be in such perfect condition?"
Rintaro,"Where’s this satellite from, anyway?","They still don’t know. Rumors say it’s from the former Soviet Union, but Russia denies it. So it looks like they can’t remove it yet."
Rintaro,So it’s another Organization cover-up! They knew I’d be at Radi-Kan and tried to erase me!,Organization? What’s that?
Rintaro,"The Organization is the Organization. Its formal name is something else, but all those who know of its existence call it the Organization out of fear. They rule the world from the shadows, transcending nations, with politics, economics, religion, even science in their clutches.","That’s obviously a crackpot conspiracy theory, thank you very mu-- ..."
Rintaro,What’s wrong?,"N-nothing! Really, nothing, okay? Say another word and I hit you! A-anyway! What’s happened with the PhoneWave!?"
Rintaro,"I thought you didn’t want to get involved. And it’s not the PhoneWave, it’s the PhoneWave (name subject to change)--",Just answer me. Have you learned anything?
Rintaro,"No progress. We’ve tried repeating the experiment, but at present, we haven’t been able to reproduce the discharge phenomenon or send another email to the past.",I see... Hello? Can you put your phone away when you’re talking with someone?
Rintaro,"Don’t be like that. Rather, you should praise me, for I have taught a foul mail demon to behave like a civilized human being.",Why are you so pompous?
Rintaro,"I’d ask you the same thing, Christina.",... Are you done with your little mail exchange? Hououin-san?
Rintaro,"Oh? So you remember my true name. Indeed, I am Hououin Kyouma.",I was being facetious.
Rintaro,How was that facetious? You called me by my correct name. You made no mistake. You’ll make a good assistant.,Okabe-san... have you sought professional help?
Rintaro,I am not Okabe!,"This is exhausting... You’re pompous, but at least you have some manners."
Rintaro,What do you mean?,I hate people who play with their phones in the middle of a conversation.
Rintaro,"Ah, so that’s why you grabbed my phone when we first met.",When we first met? I didn’t do that.
Rintaro,"Yeah you did. There I was, giving my report, when you grabbed my--",What? What do you mean ’giving your report’?
Rintaro,"No. It’s nothing. So, about the PhoneWave (name subject to change). After the experiment, you screamed something like ’A time machine? It can’t be!’ Did something awaken a past trauma?",No. And don’t go making one up either.
Rintaro,"Back when she was five years old, Christina was on the plains of Arkansas when lightning--",I wasn’t hit by lightning! And I was still living in Japan when I was five! And why Arkansas?
Rintaro,"I was trying to imagine tranquil scenery, and the first state to come to mind was Arkansas. Second was Oregon.","Not Utah? I mean, relatively speaking, isn’t Utah more suitable?"
Rintaro,"Then answer me, Christina! Why did you freak out back then!?",...No reason. I simply didn’t want to believe. Fringe science should stay in the realm of fiction.
Rintaro,Fringe science? Don’t be ridiculous. You saw it with your own eyes. You saw the email leap to the past! You saw the banana travel instantly through space!,I saw... but we must be missing something. Or maybe we’re just seeing what we want to see. Remember what I said at ATF? Time machines are just a pipe dream given modern technology. And yet a bunch of amateurs like you just stick a phone and a microwave together and expect time travel to occur? Ridiculous.
Rintaro,"But it did occur! Will you deny what you saw with your own eyes? Are you saying that theories trump reality? Then I hope you enjoy sophistry and word games, because that’s all you’ll ever have!","What do you mean, word games?"
Rintaro,"Quantum theory, for example. If you ask me, theories like that are nothing but word games!","Wait, are you rejecting modern physics? Who do you think you are?"
Rintaro,"Trust what you see! The only things that matter are things that happen; things that don’t happen, things that aren’t observed, are just hypotheses!","When hypotheses pile up, and theories are verified, they become reality. That’s how modern physics comes to understand the truth of the universe."
Rintaro,But sometimes your hypotheses are mistaken! Even Einstein was wrong about some things!,"So you’re going to do nothing, just because you could be wrong? Then enjoy your dirty little lab and your silly gadgets, because that’s all you’ll ever have. You’ll never reach the truth that way. Failure teaches success."
Rintaro,I see. Nice rebuttal.,"...You’re never getting off your high horse, are you?"
Rintaro,"By the way, Christina, I have always felt that physicists are hypocrites.",...What?
Rintaro,"There are phenomena that everyone knows occur in reality, but which physicists refuse to research. What do you think about that?",I don’t know what to say unless you can give me some examples.
Rintaro,"Ghosts, for instance.",The occult? Really?
Rintaro,People have seen ghosts. There is even photographic evidence. So where are the theories? Why do physicists refuse to speak?,...It’s a different field of study.
Rintaro,"You can’t call physics the study of natural phenomena, then decide some things don’t count!","True, but..."
Rintaro,And that’s why we must investigate the phenomenon of sending emails to the past. You shall assist me!,No. I won’t have a hand in your fringe science. I won’t make the same mistake my father did.
Rintaro,Your father?,"You make a fine argument, but it won’t work in the scientific community. The day you decide to research time travel is the day you’re out of a job."
Rintaro,How can you be so certain?,"Because that’s what happened to my father. My father, a physicist, loved time machines. He was so fascinated by Wells’s ’The Time Machine’ that he seriously studied time travel. But because of his obsession, he was practically exiled from the scientific community. I will never get involved with time travel research! ...I’m sorry. I got emotional."
Rintaro,"Muhahaha! Don’t worry about it! I wanted to test your character, so I made you angry on purpose!","...Huh? ...Anyway, the PhoneWave isn’t a time machine. Email is a manmade system, so this phenomenon should be explainable in the scope of that system."
Rintaro,I apologize for forcing you to become a lab mem. You don’t have to come again.,...I wasn’t planning on it.
Rintaro,"But know this, Christina.",Don’t call me Christina.
Rintaro,Lab Mem Number 004 will be a retired number. That number... is yours forever.,You look ridiculous!
Rintaro,What are you doing!? You’ve ruined my perfectly-staged exit scene! And you call yourself my assistant!?,"No, I don’t call myself your assistant! And besides, I still have something to ask you! I asked you about this before, but you said I got stabbed, right? I demand an explanation."
Rintaro,That was just something I hallucinated.,Why would you dream about me?
Rintaro,I don’t know. And it wasn’t a dream. It was a hallucination.,"You said something about Doctor Nakabachi, didn’t you?"
Rintaro,Doctor Nakabachi held a time machine presentation at Radi-Kan that day.,That presentation was canceled because of the satellite crash.
Rintaro,"So it seems. But in my hallucination, the presentation proceeded as planned. Mayuri and I went to see it, and you came over to flirt with me.",I don’t flirt. Especially not with idiots like you.
Rintaro,"Like I said, it wasn’t real, okay? No... maybe this world is what isn’t real. That would explain the riddle of the PhoneWave (name subject to change). If this world is some kind of simulation, then we can disregard the laws of physics.",Escapism? That’s unexpectedly chicken of you.
Rintaro,It’s a hypothesis. Your favorite thing.,So who stabbed me? Don’t tell me it was you.
Rintaro,You were already dead when I got there. I didn’t see who did it.,I don’t get it. Why do I have to die in your mind? You have something against me?
Rintaro,"Of course not. At that point in time, we had only spoken once. We were just strangers. Anyway, we didn’t know each other. That’s why I ran away instead of calling for an ambulance.",My hero.
Rintaro,What? You want me to go back in time and give you CPR or something? I’d need to use the PhoneWave (name subject to change) for that.,"...I’ve heard enough. No more hallucinating about me, okay? Dying isn’t fun, even if it’s in someone else’s head."
Rintaro,I can’t make any guarantees. That would require perfect 24-hour surveillance inside my brain.,"You have a comeback for everything, don’t you. Kyah! What now!?"
Rintaro,I’m not done talking!,You trying to pick a fight?
Rintaro,"It’s revenge for ruining my farewell scene, Christina! You shall regret your thoughtless actions!","Okay, okay, fine. What is it?"
Rintaro,About the IBN 5100.,I don’t know what you’re talking about.
Rintaro,"...If you don’t know, then forget about it. Farewell! We will not meet again.",Hey! Don’t tell me to forget about it! What is the IBN five... whatever?
Rintaro,Then IBN 5100. It’s a retro PC from 1975. I’m looking for one.,Yeah? What are you going to do with it?
Rintaro,"You’re interested, aren’t you?",...Just a little.
Rintaro,Then I shall answer! The IBN 5100 is the key to unlocking SERN’s most closely guarded secrets.,SERN? You mean... the SERN?
Rintaro,"Indeed. Through the tireless efforts of my faithful lab mems, we have uncovered evidence that SERN is researching time travel.",...Great. I shouldn’t have asked.
Rintaro,Oh! My assistant!,Not your assistant! Makise Kurisu!
Rintaro,"If you don’t say Christina, then I have no way of knowing it’s you.",I’m not Christina either! How many times do I have to tell you?
Rintaro,"You never stop complaining, do you?",Whose fault is that? Whose?
Rintaro,Wait a minute. How do you know my phone number?,Hashida-san told me.
Rintaro,"Oh, that’s boring. So, what is it, assistant?","I said I’m not your assistant. Haah, what’s the point... Where are you now?"
Rintaro,I’m headed to Yanabayashi Shrine.,"Ah, okay. Bye then."
Rintaro,Your accomplishments mean nothing to me.,What are you talking about?
Rintaro,What was that phone call about?,"I just wanted to ask you where you were. And since you said you were coming here, I came."
Rintaro,Nobody asked you to come.,"And yet, here I am."
Rintaro,Why did you come to see me?,Not because I wanted to or anything. Don’t get me wrong. ...I can’t stop thinking about what you said yesterday.
Rintaro,What I said?,About the IBN 5100. And SERN.
Rintaro,"Of course! You’re working for SERN, not the Organization! You’re here to kill me, aren’t you!? That’s what I thought! You have the face of a killer!",What’s wrong with my face? How rude! Can you calm down a bit? You’re always screwing around. I can’t believe you’re older than me.
Rintaro,"Calm down? Hmph! You don’t understand what it’s like to live on the run, never knowing when the next assassin will strike.",All I’m hearing is gibberish.
Rintaro,You come here to pick a fight?,I just want to know how the IBN 5100 and SERN are related.
Rintaro,Don’t you mean you’re interested in SERN’s time machine research? Be honest with yourself.,"Sh-shut up. I’m not interested in time machines at all. More importantly, did you find an IBN 5100?"
Rintaro,That’s why I’m here.”,A shrine?
Luka,Th-that’s true... I’ll be more careful from now on.,Hey. What are you two talking about?
Rintaro,My assistant.,No! What kind of introduction is that!?
Luka,You’re n-not Japanese?,I am Japanese.
Rintaro,"Anyway, Lukako. I need to talk to your father about--",Wait! Introduce me properly!
Rintaro,You want to be introduced? Properly?,It’s unnatural not to be introduced in this situation!
Rintaro,I didn’t come here to introduce you to Lukako!,An introduction wouldn’t take more than ten seconds! What’s wrong with you?
Rintaro,This is Makise Kurisu. My assistant.,"Yeah, whatever. Assistant, whatever... sigh."
Luka,"Nice to meet you, Makise-san. I’m Urushibara L-Luka.",Nice to meet you too. How old are you?
Luka,17 this year.,A year younger than me...
Luka,"No, that’s not what I... um, I mean you’re very beautiful!",Thanks. I think you’re very cute.
Rintaro,You’re introduced. Happy? Can we move on now?,You are such a jerk.
Luka,The future...,Of mankind?
Luka,I’ll go get him!,"Achoo! Oh no, did I catch a cold?"
Rintaro,The honor is mine.,...His name isn’t Hououin. It’s Okabe.
Rintaro,"You there, assistant! Stop making things complicated!",I’m just telling the truth.
Rintaro,I am Hououin.,"Okabe Rintaro is the name your parents gave you, right? Are you denying that?"
Rintaro,"Just be quiet, Zombie!",Who’s a zombie!?
Luka’s Father,Hahaha. It’s great that you all get along. Are you one of Luka’s friends too? Please get along with Luka from now on too.,"Um, I’m..."
Rintaro,Of course! Thank you! Can’t Americans start driving at 16? How come you don’t have a license?,"What, something wrong with that? I spend all my time doing research."
Rintaro,You’re wasting your youth.,"I thought so too, until I met you. Now I realize I’m doing just fine."
Rintaro,"You’re a lifesaver, Lukako. Thank your father again for me.",Your father is a lovely man.
Luka,Eh... M-my father is m-married... a-ad-adultery... is bad!,Huh?
Rintaro,"I see, assistant. So you like older men.","Hey, wait! Don’t misunderstand, you two. That’s not what I meant!"
Luka,I-I won’t give up my father...,P-please don’t cry... I just meant I was jealous of how well you get along with your father. That’s all.
Luka,"Eh, ah, of course... I’m sorry for the weird misunderstanding! That was so rude of me!","Don’t cry. We’ve resolved the misunderstanding, so it’s all okay."
Rintaro,...but in the depths of your heart lie feelings for Luka’s dad.,Die.
Luka,I’m sorry!,Hey! What kind of lowlife teases a girl?
Luka,Is it that heavy?,Pathetic. It’s only as big as a CRT monitor.
Rintaro,Then why don’t you try carrying it? Then you’ll understand.,"Wheugh...! ...It’s r-really heavy. This thing’s gotta weigh like 30 kilos. Maybe we should’ve borrowed a push cart. Urushibara-san, is there one in the shrine?"
Luka,"Umm, there is one, but actually, it’s broken... I’m sorry.",Oh. Is there some other place we could borrow--
Rintaro,"No, we don’t need a push cart.",Then how are you going to bring it back? It takes about ten minutes to walk to your run-down lab from here.
Rintaro,"It may be too heavy for one person, but it’s a different story for two. You and I just need to carry it together. Why else do you think I made you my assistant?","So that’s why... Well, if we carry it together, we might be able to manage, but... But I refuse."
Rintaro,...huh?,”I... I said ’no!’”
Rintaro,I’m pretty sure you said ’but I refuse.’,"Sh-shut up. I said no. The whole reason you made me a lab mem was to ’borrow my knowledge’. From this, it is elementary to derive the following: ’I won’t do physical labor.’"
Luka,"Um, th-then, I will...",Eh? You’re going to help? Will you be okay?
Luka,I-I’ll help you!,"Th-then, umm... me too..."
Rintaro,"Please, go ahead.",Eh? Wha!?
Rintaro,"Muhahaha! Don’t you know, Christina? This is what you call a Japanese Gag!",You sneaky...
Rintaro,"Now, assistant! Since you volunteered, I won’t let you refuse. Grab hold and heave!",...Fine. Why do we have to be face to face?
Rintaro,Let’s just go.,Hey! Stop stop stop! I said stop!
Rintaro,You’re a noisy one.,Don’t walk forwards. Then I have to walk backwards. Let’s walk sideways.
Rintaro,"Whatever. Get moving, assistant.","Hey, listen, please, just listen! I can’t walk backwards!"
Rintaro,Of course you can. You’re my assistant.,"I appreciate the vote of confidence, but I can’t! I’m asking you to go sideways! No, I’m telling you to go sideways! Sideways! I’m going to fall! Haah, we finally made it... I’m exhausted..."
Rintaro,"If you didn’t complain so much about every little thing, we would’ve gotten here sooner.",Right back at you. You stopped to take a break at least five times along the way.
Rintaro,... That’s because I wasn’t feeling well...,Are you okay?
Rintaro,"It’s just... occasionally, my right arm aches... and when it does, dark destructive impulses overcome my soul--","Shut up, or I’ll tear the peripheral nerves out of that arm. Shouldn’t you get your friends to help?"
Rintaro,"Hmph, you want to know? Then I’ll tell you!","Wait! If you’re just going to stand and talk, shouldn’t we put the box down first?"
Suzuha,"No way! You found it!? Wow! Way to go, Okabe Rintaro! Where was it?","Ugh, it’s heavy..."
Rintaro,Let’s put it down!,Haah...
Suzuha,Why was it there... Ah...!,Y-yes?
Suzuha,Makise Kurisu?,Yes...?
Suzuha,...Hmph.,Who was that?
Rintaro,She works part-time at that store.,Why was she glaring at me?
Rintaro,How should I know? Did you do something to make her angry?,I’ve never seen her before in my life. How rude.
Rintaro,"Good work, everyone. With this, we can fight.",Who are you fighting?
Rintaro,"SERN, and the system that rules the world.",If that’s what makes you happy...
Rintaro,Happy? I do not desire happiness. Have you forgotten? I am an insane mad scientist! What I desire is chaos. The time machine exists to bring chaos to the world. MUHAHAHAHA!,Never mind happiness. You’re like a junkie hypersecreting beta endorphins.
Itaru,But wow! I can’t believe you found one. You make the impossible look easy! That’s why we love you! That’s why we ad--,I certainly don’t admire him.
Rintaro,Eh?,Eh...?
Mayuri,"Ehehe! Anyway, it’s time for Mayushii to go home. What about you, Chris-chan? Wanna go together?",Thanks. But I’m going to stay here a little longer.
Luka,K-Kyouma-san!?,You’re so annoying! What is it!?
Rintaro,"Huh, I summoned an assistant. What are you doing here?","Who’re you calling an assistant? You wouldn’t pick up your phone, so I’ve been waiting here an hour for you."
Luka,Y-yeah...,What’s this? What’re you talking about?
Rintaro,I got an IBN 5100.,"Oh, that thing you were talking about yesterday."
Suzuha,Ah...!,Y-yes?
Suzuha,Makise Kurisu?,Yes...?
Suzuha,...Hmph.,Who was that?
Mayuri,You do?,Why was she glaring at me like that?
Rintaro,How should I know? Did you do something to make her angry?,I’ve never seen her before in my life. How rude.
Rintaro,"I said all members assemble, didn’t I!?","Haah, haah... why do I... have to..."
Mayuri,Ehehe! Really? I’m glad I was useful.,What are you going to use the IBN 5100 for? Yesterday you said something about SERN.
Rintaro,"You interested, Christina?","I’m not Christina, and I’m not interested. If you don’t want to tell me, then I don’t really care."
Rintaro,This artifact is needed for the war against SERN.,War? SERN’s a research institution.
Rintaro,"Ostensibly, yes.","...What are you trying to do? Depending on the situation, I could turn you over to the police, you know?"
Rintaro,"Hmph, the police? Do you really think a mad scientist like me is afraid of the police? I’ve spent my life on the run from the Organization, a more fearsome enemy than you can possibly imagine.",You can’t be serious. Tell me what you’re trying to do.
Rintaro,You two did well today. Be proud.,You’re so full of yourself.
Mayuri,"Chris-chan, you not going home? You can walk with us to the station if you want.",Thanks. But I’m going to stay here a little longer.
Luka,Excuse me.,Well?
Rintaro,"Well, what?","I’m asking for an explanation. What’s this about the IBN 5100 and SERN? Hey, Okabe."
Rintaro,...What? What did you just call me?,I called you O-Okabe.
Rintaro,Did you just call me Okabe?,"...I did. Problem? Yes, I’m younger than you, but you insist on calling me by ridiculous names like Christina and Zombie, so I don’t think I need to show you any respect by adding ’-san’, and besides--"
Rintaro,That’s not the problem!,!!
Rintaro,"I am not Okabe! I am HOUOUIN KYOUMA! How many times do I have to tell you, Christina!?","... ...God, you’re so full of yourself."
Rintaro,"From now on, call me Hououin. That or Kyouma.",No.
Rintaro,Are you... crying?,"I’m not crying! It’s not like I was scared of you for a second there or anything, and I definitely wasn’t relieved when you started talking like an idiot again, okay!?"
Itaru,Maybe she only acts strong but is actually weak on the inside. That would be pretty moe.,"Hey, aren’t you going to tell me what’s going on? Kya!"
Rintaro,I’ll explain in a second. Drink that while you wait.,"...Gee, thanks."
Rintaro,"Now then... Sorry for the wait, Christina. Oh? You’re a fan of the Doc, I see.","I’ve lived seven years at its birthplace, after all."
Rintaro,Excellent. We’ll make great drinking buddies.,I’m a minor.
Rintaro,That’s not what I meant. I meant Dr P drinking buddies.,Is that all you drink? SERN certainly is acting strange... but how’s the IBN 5100 involved?
Rintaro,SERN’s database uses an IBN 5100.,So?
Rintaro,"Super Hacker Mister Daru, has hacked into SERN.",Is that okay? Won’t they catch you?
Itaru,I wouldn’t make a blunder like that.,That’s not what I meant.
Rintaro,"As a result, we found evidence that those bastards are researching time travel with the LHC.",The LHC?
Itaru,Seriously. We have the evidence. And guess what? The LHC has been in operation for nine years.,What? Really!?
Rintaro,And they’ve successfully generated mini black holes.,No way... Then why haven’t they made an official announcement!?
Rintaro,"That’s just it. For some reason, those bastards won’t announce any of it. That the LHC has been operating for nine years. That they’ve successfully created mini black holes. That they’re researching time travel. Basically, it’s proof that SERN has-- Basically, it’s proof that SERN has something to hide. Can’t you just smell the conspiracy?","I don’t believe in conspiracies, but... If you can prove what you said is real, then I might be surprised. SERN doing time travel research... Ah, but what about the IBN 5100? How is that involved?"
Rintaro,"So basically, what that means is-- The only way to decrypt that database is to use an IBN 5100 of our own.",How do you know that?
Rintaro,I have my sources.,Setting the IBN 5100 and such aside... I want to see proof that SERN’s really doing that sort of research.
Rintaro,There you go.,...I’ll wait until then.
Itaru,You’ll wait? It’s already getting dark. Why not go home for tonight and come back tomorrow morning?,"No thanks. I’ll wait. I want to know as soon as possible, even if it’s just a microsecond sooner."
Rintaro,"Heh heh heh, that’s the spirit. You’re already fascinated by the conspiracy. You can’t help but want to know what lies at the heart of SERN.","If what you guys are saying is true... then this isn’t something to joke about. SERN is the world’s top research institution. If they’re doing secret experiments without publishing their results... They’re making fools of scientists the world over. That’s only if it’s true, though."
Rintaro,"Anyway, Daru. I’ll leave it to you.",Can you show me the PhoneWave?
Rintaro,Indeed I can. Want to experiment?,"You haven’t been able to send another email to the past yet, right? Do you know why? Let’s run some tests. ”Man. You have a ton of junk.”"
Rintaro,"It’s not junk! Since you’re new to the Future Gadget Laboratory, I’ll explain. These are the glorious fruits of our science: the Future Gadgets! Future Gadgets 1-7 are stored here. The PhoneWave, with which you are already familiar, is Gadget Number 8.","Future Gadgets, huh... Hey. Isn’t this... a weapon?"
Rintaro,"Future Gadget No. 4: Moad Snake, designed after a claymore landmine, is an instant humidifier.",How confusing.
Rintaro,"Insert water and turn the power on, and in mere seconds, it generates a thick cloud of steam.",So it’s junk. I thought so. I’m borrowing this.
Rintaro,Whoa!,It’s just not right without a lab coat. Hey!
Rintaro,"Assistant! You get it, don’t you!?",G-get what? Let go!
Rintaro,"If you’re gonna do science, you need a lab coat! Right!? I knew you were meant for this, Christina! You’re the best assistant a mad scientist could ask for!","I don’t know if that’s supposed to be a compliment, but it’s coming off as an insult. Now let go!"
Rintaro,I’m giving you that lab coat to commemorate your joining the lab. Don’t worry. It’s never been worn. Or maybe this fateful encounter between you and that lab coat was decided by destiny long ago. Daru not wearing it was just another inevitability. This is the choice of Steins--,Shut up so we can start the experiment.
Rintaro,"It’s in terminal mode now. We can change the factory settings like this, make the microwave do things its manufacturer never intended.",How was it set when the discharge phenomenon occurred?
Rintaro,Nothing out of the ordinary. It was at factory settings.,Hmm. I’ll take a banana.
Rintaro,Those are Mayuri’s.,"Oh, so I don’t need your permission, then. I’ll go buy new bananas tomorrow. ...Nothing happened. Ow! It’s hot."
Rintaro,Meaning the microwave functioned normally. What does this mean...,I guess what happened earlier was an irregularity after all.
Rintaro,"I don’t know if it’s an irregularity or not, but we ought to investigate the cause.",I agree.
Rintaro,"In the previous experiment... After spending 120 seconds in the PhoneWave (name subject to change), the banana teleported back to the bunch gelified. We should consider that it returned to its state 120 seconds before.","Wrong. If it returned to its state 120 seconds before, it wouldn’t be gelified."
Rintaro,The chicken returned to its frozen state without gelifying.,"That logic is dubious. Sure it ended up frozen, but did you examine the possibility that it might have gelified first?"
Rintaro,Salt didn’t gelify.,You mean nothing changed.
Rintaro,"After the discharge phenomenon occurred last time, we spent all night experimenting with cabbage, radishes, rice, konjac, melon bread, Crunchy-kun, and cup noodles. Nothing happened. The same thing with liquids. On that day, our success rate took a 180 degree turn. Before the discharge phenomenon, everything succeeded. After the discharge phenomenon, everything failed.","Is the microwave storing electricity? You said that gelified objects became fractal structured, right? Salt has a simple structure by nature, so maybe that had an effect. But how could electricity be related..."
Rintaro,"Here, we should think under the assumptions of time travel theory.",No. It’s not good to start thinking from the conclusion.
Rintaro,We’ve already had several successful experiments. You can’t deny that.,"I’m not especially concerned whether this thing is a time machine or not. To begin with, it’s physically impossible for this tiny little microwave to produce energy equivalent to the big bang. We can’t reproduce the discharge phenomenon, nor the fractalization. There should be a reason why. We haven’t changed our methods. We haven’t changed the settings. We haven’t changed the experimental subjects either. There must be some other variable."
Rintaro,Maybe it’s the one who observes it.,What do you mean by that?
Rintaro,Quantum theory. The observer is an important element to the experiment.,"There were four of us here when the discharge phenomenon occurred last time. But before that, it occurred when Hashida-san was alone. Each time fractalization occurred, there were either two or three people observing. You and I each saw both phenomena. In other words, the conditions haven’t changed."
Rintaro,In that case...,Hmmm... ...
Rintaro,Hungry?,Sh-shut up! I haven’t eaten anything since lunch. It’s already 8?
Rintaro,"Don’t want any? Well, since you have lived in America for so long, I guess you’d prefer fast food instead--",Cup noodles.
Rintaro,What?,I’ll have cup noodles.
Rintaro,Cup noodles!?,What flavors?
Rintaro,There’s soy sauce flavor and chicken flavor.,Chicken. Also... do you have a fork?
Rintaro,"Christina, is it okay to stay here this late? Perhaps you should contact your family.",No need.
Rintaro,What? Do your parents let you do whatever you want?,I haven’t seen my father in seven years. My mother is in America. I’m living in a hotel right now. Understand?
Rintaro,"Wha...! You damn celebrity! If you’re American, then you should at least use a motel instead of a hotel, right!?","I’m not American, and there aren’t any motels in the heart of Tokyo."
Rintaro,What sort of hotel?,What do you mean? It’s a normal hotel in Ochanomizu.
Rintaro,"Ochanomizu? Then you can walk there from here, can’t you?",Sure.
Rintaro,"So, tell me about your father.",Sorry?
Rintaro,You said you haven’t seen him in seven years?,Why do you care about my father?
Rintaro,"You’re the one who mentioned him. Isn’t that basically a hidden message saying ’please give me some advice about my father, please’?",You’re crazy.
Rintaro,What’s wrong?,I have nothing to say to you.
Rintaro,"...Y-you’re really mad at me, aren’t you?",Don’t make fun... Of people’s family issues like that. You’re trampling on my heart.
Rintaro,Z obviously stands for jelly (zerii)!,Jelly starts with J. J-E-L-L-Y.
Rintaro,When was SERN formed?,1954.
Itaru,"1975. Ugh, a JPEG? Come on! I can’t copypaste this.","Hmmm, the text isn’t in French..."
Itaru,"Actually, there’s French, Dutch, and German versions too. The content looks the same, though.","...’SERN’s purpose heading into the 21st Century shall be to establish control over space and time, thereby to enable the destruction of extant history and the creation of an everlasting Utopia, ruled by the Committee, that encompasses the entirety of past and future events.’"
Rintaro,"Way to go, assistant! Your study abroad in America was all for the sake of today, wasn’t it!?","Of course not. Stop assigning people roles in your fantasy world. ’In order to maintain this project’s secrecy, and to allow its name to remain relevant in changing circumstances, we designate it the Z Program.’ ’Z, like the Greek Omega or the Cyrillic Ya.’ ’It is forbidden to assign any meaning to this name or to seek in it significance beyond the project itself. Negative returns are predicted should this edict be violated.’ ’The Z Program is a top secret project spanning international borders. Like electromagnetic wave research, it has been approved for top priority funding by the Committee of 300.’ ’Henceforth, all other research performed by SERN shall function to keep the Z Program’s existence secret.’"
Rintaro,Is there anything specific about what exactly the Z Program is?,Hmm... ah... here. This... can’t be!
Rintaro,What is it?,’The purpose of the Z Program is to perform time-space displacement experiments by means of high-energy proton-proton collisions.’
Rintaro,Time travel!,No way... it was true? You’re telling me they’ve been deceiving the world for nearly 40 years?
Rintaro,"Just as I suspected. A great shadow lurks behind SERN. Most likely the Organization, or one of its puppets.’","What Organization, you chuunibyou nutjob? At least try to be serious some of the time."
Itaru,"Anyway, shouldn’t it be ’the Committee’ instead of ’the Organization’? That’s what it says here.",The Committee of 300? I don’t think they mean SERN’s Executive Council. What are they talking about?
Rintaro,"I am listening. The Committee of 300 is the dark power that controls every secret society, every government, every multinational corporation.",You’re making things up again.
Rintaro,"It’s the truth. Google it if you don’t believe me. Until now, the human race, for all its accomplishments, has never been able to overcome the barrier called time. The technology of time travel, which can break through that barrier, will change the course of human history. Literally. As it was when we split the atom, this forbidden fruit has the potential to grant us godlike power. Not a man exists who can resist its temptation. And naturally, all those with power will use any means at their disposal to obtain it. Human morality is naught but a joke to those who would stand with the gods. Understand, Christina?","...Wow. That was quite a speech. Since you seem to know so much about it, does that mean you’re aiming for godhood too?"
Rintaro,"What Hououin Kyouma desires is the destruction of all who would call themselves gods, the collapse of their hateful System, and a glorious new age of Chaos. Muhahaha!",I’m not asking Hououin. I’m asking Okabe.
Rintaro,I... I am Hououin!,"In other words, you don’t have your own reason."
Rintaro,"Continue, assistant.","At least show respect when you’re asking a favor... Umm... ’Stage 1: Construction and implementation of the Large Hadron Collider.’ ’Over the past half century, beginning with the Proton Synchrotron completed in 1959, particle accelerator technology has reached the point where standardized results may be obtained.’ ’Stage 2: Implementation and testing of lifter technology.’ ’The formation of more than two artificial localized singularities, as well as the formation of Kerr black holes, will become possible when this stage is complete.’ ’In order to hide the program’s true goal, it is necessary to intentionally leak misinformation regarding the formation of black holes.’ ’Stage 3: Animal experimentation.’ ’Stage 4... ...Human experimentation."
Rintaro,"Really. But first, Christina.",Eh?
Rintaro,You should leave.,Why are you suddenly--
Rintaro,"The Jellyman’s Report... it just gives me a bad feeling. Once we see it, we can no longer return to our normal lives. You’re a genius. You’re already published, for crying out loud. There’s no need to throw away your promising future.",Are you worried about me?
Rintaro,"Of course I am. You are my assistant, after all.","...I keep telling you, I’m not your assistant. Thanks for your concern. But I’m not leaving. We need to expose this truth to the world."
Rintaro,No! It’s too dangerous.,You chickening out?
Rintaro,"We’re powerless against this conspiracy. One wrong move, and they’ll have us erased.",But still--
Rintaro,This isn’t a game! I’m not joking here.,... ...Fine. I won’t tell anyone. But I’m not leaving. It’ll keep me awake at night.
Rintaro,You won’t regret this?,I won’t.
Rintaro,"Alright... let’s begin. Henceforth, this shall be known as Operation Laegjarn’s Chest!",Why Norse mythology?
Itaru,"Is that Norse mythology? Because it’s cool, I guess.","Anyway, what is it with men and military terms..."
Itaru,Ready? I’m opening it.,"’Jellyman’s Report 10’ ’Subject: James McCarthy, Age: 31, American’ ’Z Program Stage 4, Date of Experiment: 2005-01-28 T13:05’ ’Results: Error. Human is dead. Mismatch.’"
Itaru,That again...,"’It is believed that due to infinite compression by supergravity, the subject could not endure passage through the singularity inside the Kerr black hole.’ ’April 3, 1921. New York City. An unidentified man was discovered dead in an alley off Union Square. The right half of his body was embedded in a nearby wall.’ ’The man’s body... ...was completely gelified.’"
Itaru,What’s going on here? They... gelified someone?,"They’re experimenting on people... And this means they’ve created a time machine, doesn’t it? Even if it’s not perfect."
Rintaro,Eh...?,This New York Times article is from 1921.
Rintaro,90 years ago...,Look.
Itaru,So... SERN used the LHC to send someone back to 1921?,"Looks like they failed to keep him alive, though."
Rintaro,More Jellymen? That means more gelified people... more victims of human experimentation... Show me the others.,"’Jellyman’s Report 9.’ ’Subject: Dan Strayski, Age: 26, Canadian.’ ’Z Program 4, Date of Experiment: 2004-9-6 T 14:10.’ ’Results: Error. Human is dead. Mismatch.’ The newspaper clipping... I think it’s in French. I can’t read it."
Rintaro,"You can read the date, though. January 31, 2001.","The location is... Pau, France, I guess. ’Jellyman’s Report 8.’ ’Subject: Linda Hill, Age: 25, British’ ’Z Program 4, Date of Experiment: 2004-2-15 T 13:45’ ’Results: Error. Human is Dead. Mismatch.’ ’October 2, 1972. The gelified body of a woman was discovered on the streets of Dharmapuri in Tamil Nadu, India.’ ’There were signs that the body had been run over by a car.’ ’Jellyman’s Report 7.’ ’Subject: Michael Lang, Age: 33, German’ ’Z Program 4, Date of Experiment: 2002-10-8 T 13:28’ ’Results: Error. Human is dead. Mismatch.’ ’Jellyman’s Report 6.’ ’Subject: Mark Hughes, Age: 30, American’ ’Z Program 4, Date of Experiment: 2002-8-23 T 12:52’ ’Result: Error. Human is Dead. Mismatch.’ ”’On July 1, 1985, a strange body washed ashore on the coast of Streymoy, Faroe Islands.’” ’It appeared to be the body of an adult male, but its flesh was soft like that of a jellyfish. Some of the island’s inhabitants believe that it was the body of a merman.’ ’The inscription ’SERN’ was found near the body’s shoulder, but SERN denies any involvement.’"
Rintaro,I’ve seen enough.,The sites are spread throughout the world. What can we deduce from this?
Rintaro,They must have sent them to those places.,I don’t think so. It’s too random.
Itaru,"There was something about Kerr black holes and gravity, right? Isn’t that the cause?","It is believed that due to infinite compression by supergravity, the subject could not endure passage through the Kerr black hole’s singularity.’ That’s what it said."
Itaru,What’s a Kerr black hole? Is it different from a regular black hole?,It’s a theoretical black hole with a rotating singularity. Their existence hasn’t been proven yet. Not that there’s any way to prove one exists.
Rintaro,"That’s right... John Titor! According to Titor, SERN finished their time machine in 2034. And then Titor himself came from 2036.","... Creating Kerr black holes? That’s insane. If you screw up, it could swallow the Earth... and besides, Kerr black holes are just a theoretical construct."
Itaru,"I don’t know about Titor’s predictions, but I’ve seen the problem video before. It was on the news two or three years ago.","The gravitational forces inside a black hole are unbelievably powerful. It’s certainly possible that passing through one could allow time displacement, but there’s no way a human could do that and come out alive."
Rintaro,That must be how these people got gelified.,It wouldn’t just gelify you. It would tear you apart particle from particle. That’s what a black hole does.
Itaru,"Before we discuss this, shouldn’t we look through the rest of their time machine research? Here we go! There’s a file in the Z Program that explains time travel theory.",That was pretty easy to find. SERN should have better security.
Rintaro,Daru is my Favorite Right Arm.,I thought he was your super hacka.
Rintaro,"So what does it say, Christina?",Umm... can you give me some time to read it? No way... but this is... Is Titor really...?
Rintaro,What are you muttering about? Tell me what it says.,"...Oh, right. You know, this feels like one big joke."
Rintaro,What do you mean?,"It’s almost the same. The same as Titor’s theory. Basically... The LHC smashes protons together at 99.9999991% the speed of light. By doing so, they compress a mass of 10kg into an extremely tiny space of 10m."
Itaru,In Japanese please. Three lines max.,A small mass. Thrust into a narrow space. With great force.
Itaru,That explanation’s too erotic!,"Huh? What part of it is erot-- ... ...Ah! H-Hashida, you pervert!!"
Itaru,Sounds like you have a pretty good imagination yourself.,I-I’m not like you!
Rintaro,"Don’t listen to this fool, Christina. Continue.","...ugh. Uh, what were we talking about?"
Rintaro,Proton compression.,"Right. Successful compression generates a micro-singularity, which--"
Rintaro,"Same thing, essentially. A singularity is the core of a black hole.",This process generates a black hole with two micro-singularities.
Itaru,Explain with cute girls.,"Fine. Say there are two cute girls, Mic-chan and Cro-chan."
Itaru,"Sisters are moe. Haah, haah.","By feeding Mic-chan and Cro-chan electrons, you can make them do whatever you want."
Itaru,Electric shock torture? This some sort of eroge?,"... So you force them to rotate at an extremely high velocity. And then, theoretically, Mic-chan and Cro-chan transform into Magical Girl ’Ring Singularity’."
Itaru,Cue stock transformation scene. Got it.,The resulting black hole exhibits what’s called the Kerr effect.
Itaru,"What are Kerr black holes anyway? You said they spin, but what does that mean?",Exactly what it sounds like.
Itaru,"”But don’t black holes usually spin? I mean, there’s a whirlpool around the hole, right?”","The part that looks like it’s spinning is just the surrounding matter being sucked into the black hole. A black hole is just a point where extreme mass causes gravitational collapse. Everything falls towards it. Since it’s only a point, it doesn’t spin.  A Kerr black hole has a ring at its center, not a point. Think of it like this. Once transformed into magical girls, Mic-chan and Cro-chan’s hearts spin like a ring inside their bodies, which is impossible for normal people."
Rintaro,"Before, you said that such a black hole’s existence would be impossible to prove. What did you mean?","A black hole has what’s called an event horizon. Once you pass the event horizon, time and space switch places."
Rintaro,Time and space switch places?,"Right now, we can move freely through space and into the future, but we can’t move even one minute into the past. That becomes reversed. On the other side of the event horizon, moving freely through space becomes impossible, while moving freely through time becomes possible. Since unrestricted spatial movement is impossible, you can never escape a black hole. For example, if Okabe jumped into a black hole, time for him would stretch to infinity. Since light cannot escape, human eyes cannot see the other side of the event horizon. Observing a black hole from the outside is impossible, so nothing about the inside can be proven. There is an exception, however. This exception is vital when you use a Kerr black hole for time travel."
Rintaro,Get to the point.,"The Kerr black hole’s ring singularity. Since it’s spinning, it has angular momentum."
Itaru,"Like I said, in Japanese please.","Didn’t I already explain how the core spins? Just think of that as having momentum. If you keep giving Mic-chan and Cro-chan electrons, they’ll rotate faster and faster. And when their angular momentum exceeds a certain threshold, the event horizon will disappear, and the singularity will become a naked singularity."
Rintaro,"Naked, you mean it becomes observable.","When the event horizon disappears, there’s no more reason for time and space to change places. Meaning that you can enter a naked singularity without being trapped. And then the existence of the naked singularity allows the principle of causality to be violated and the general theory of relativity to fail. The laws of physics are broken!"
Rintaro,C-can such a thing exist?,"Nothing in principle stops Kerr black holes from existing. It seems inconsistent, but the math never lies. Since the principle of causality fails, it would be possible to travel to the past by entering a naked singularity. One thing I don’t understand is how they inject electrons into the singularity. Look. This is a picture of the LHC, but there’s strange equipment installed at the proton collision site. It looks like they call it a ’lifter’, but... just what is it?"
Itaru,"Lifter, lifter... I think I saw that in the Z Program files. Wanna google it? We’ve got hits!",That many? I guess it’s not a secret...
Rintaro,Could this be it? Ionocraft.,Ions are charged particles. The meaning matches.
Rintaro,That’s... an anti-gravity device!,"Don’t be ridiculous. That would be the breakthrough of the century. It’s called an ionocraft, so it probably has something to do with electrodes and charged air..."
Rintaro,"SERN is using this lifter technology. It’s a vital component of their time machine. If they can manipulate a micro singularity’s mass and gravitational field, then these things really are anti-gravity devices!","Well, under those exact conditions, I guess you might not be entirely wrong. But it looks like SERN’s having trouble adjusting their lifter. They don’t have full control over the micro singularity’s gravity. So they can’t make a true naked singularity."
Rintaro,That must be the reason why the subjects turned into jellymen.,"Since the singularity is still closed, the subject is crushed by its tremendous gravity. As a result, substances become fractalized. Let’s go with that hypothesis. Of course, there’s no way to be sure that it’s right. It might take months to prove."
Rintaro,"So SERN’s lifter is still incomplete... If we can complete the PhoneWave (name subject to change) first, then we’ll have outwitted SERN!","We don’t have half the equipment or funding SERN does. What makes you think you can solve a problem that they can’t? This isn’t that simple. SERN still hasn’t figured out how to set the subject’s destination in time or space. That should be evident by how scattered the jellyman discoveries were. We don’t even know if this is all of them. There could be jellymen buried underground or floating in space. Actually, I’m almost certain there are. There’s no point traveling through time if you end up in tens of thousands of kilometers away from the Earth. It’s not practical at all."
Rintaro,Titor said he had a ’variable gravity lock system’. He can use that to lock onto the Earth’s gravity and ensure he arrives somewhere on the planet’s surface.,"Titor’s explanation on that point was vague. He mentioned having such a device, but he didn’t explain how it worked."
Itaru,"But if you’re only moving through time, won’t you just arrive in the same location?",Of course not.
Rintaro,Because the Earth is always moving.,"Right. Rotation and revolution. The Earth’s rotational velocity is about 1,650 kilometers per hour. Its orbital velocity around the sun is about 114,000 kilometers per hour. Meaning one hour ago, we were that far away from where we are now."
Itaru,"Whoa! When you think about it like that, we’re earth-shatteringly fast!","And that’s not all. The Solar System is part of the Milky Way. And the Milky Way spins like a giant whirlpool. There are various theories, but basically the earth moves about 50 million kilometers a day."
Itaru,We’ve kinda gotten to a ludicrous scale.,"By the way, the Milky Way is part of a large cluster of galaxies, which is itself part of an even larger supercluster. And these clusters and superclusters might be moving too. If that’s the case, we’re moving even more than 50 million kilometers a day. The point is that setting the destination would require insane calculations, even if you only want to travel one second into the past. Doing it by hand is impossible, and it might take years for a supercomputer to come up with a solution, just to get you to the same location."
Rintaro,Then we have no choice. We need to find Titor and borrow his variable gravity system.,Great idea. Go for it. I wonder how SERN is dealing with this problem...
Itaru,Have we ever done that before?,Do you even have a round table?
Rintaro,"Not physically. However, it exists in the hearts of all lab mems. Am I mistaken?","Yes, you’re mistaken. Don’t go sticking things in people’s hearts."
Itaru,And why a round table? You King Arthur?,I’m only a temporary lab mem anyway.
Rintaro,"Hmph, ’bad’ you say? We are bad? Absurd. If we’re bad, then SERN is even worse. They aren’t satisfied with ruling the world. Now they want to get their hands on space-time itself!","I agree. What SERN is doing is unforgivable. They’re traitors to humanity, to society, and to science."
Mayuri,Rag in a rock?,Norse mythology again?
Rintaro,Christina! I ordered you to investigate SERN! What have you learned?,"I don’t remember being ordered, but whatever. There are two problems SERN faces with time travel. First is the electron injection device, also known as a ’lifter’. Unless they get it to function properly, they can’t make the Kerr black hole singularites naked. If you send a test subject through the singularity in its current state, the supergravity compresses them to the micro level. Naturally, there’s no way to survive. The second problem is that they can’t specify a physical destination. They can’t choose where they end up after traveling to the past. That’s why I’d say the 14 found jellymen were the lucky ones. Over a hundred human experiments have been performed since 2001. The remaining 80 or so people ended up somewhere they can’t be found."
Itaru,"Didn’t you know, Mayu-shi? The world is constantly moving. Its rotational speed is 1500 kph, and its orbital speed is 114,000 kph--","SERN has been looking for solutions, but it’s not going well."
Rintaro,Now then. Have you learned anything that could help us complete the PhoneWave (name subject to change)?,"Hmm... Well, I suppose you could call the LHC the world’s largest microwave oven."
Rintaro,"Of course! In other words, the PhoneWave (name subject to change) is a miniature LHC!","You might be on to something there. However, there are too many things we don’t know about the PhoneWave. Why do the same phenomena that occur in SERN’s time machine also occur in that tiny little microwave? Unlike the LHC, this thing wasn’t made for time travel."
Mayuri,It was made to warm Mayushii’s chicken!,"W-well, yeah."
Mayuri,"It makes a black hole? Here? It won’t suck us in, will it?","But we still haven’t figured out the electric discharge phenomenon, or the conditions required to cause it."
Rintaro,"Although it hasn’t happened again, that discharge phenomenon could very well signify the injection of charge -- that is, electrons. And only when it occurs does the path to the singularity open.",We don’t know the cause of the discharge phenomenon.
Rintaro,That’s what we need to find out.,"In the first place, the emails we’re sending to the past are digital data, not physical objects. That’s a definite difference from SERN’s time machine."
Rintaro,"No, we’re doing the same thing. Who’s to say that digital data can’t go through a singularity? I think it would be easier than sending something human-sized.",Well... I suppose that’s true.
Rintaro,"It’s more like a beam of light. Like optical digital data. By the way, it’s a pain to keep saying ’email sent to the past’. Let’s give it a proper name.",I’ve got a bad feeling about this.
Rintaro,What’s that supposed to mean? You dare mock Hououin Kyouma!?,"You just want to give it some oddball name, don’t you?"
Rintaro,Hmph! How rude. Heed me! I shall name the phenomenon of ’email sent to the past’ as follows. The name shall be... Nostalgia Drive!,Confusing. Rejected.
Rintaro,Why you! Who gave you the authority to reject my ideas!? You’re just an assistant!,Then why don’t we take a vote? All in favor of Nostalgia Drive.
Rintaro,Fine! Then let’s hear alternatives! Don’t tell me you rejected my idea without having any bright ideas of your own!?,"I think it needs to be something easy to understand. It’s an email that regresses through time, so how about Retromail?"
Rintaro,"Sounds like you have your answer, Christina. You said it should be easy to understand, but it wasn’t easy to understand at all, was it!?","B-but that’s because Mayuri-san is... Uh, n-never mind..."
Rintaro,Were you about to say ’because Mayuri’s dumb’?,N-no!
Mayuri,"Eh? Chris-chan, do you think Mayushii’s dumb?",I don’t! I promise I don’t! Okay?
Itaru,"I already did the movie joke, Mayu-shi.","Besides, I think the meaning is a little off."
Rintaro,That doesn’t even say what kind of email it is!,Hey. We don’t have time for this nonsense. Let’s just abbreviate it to ’D-Mail’ and move on.
Rintaro,But that’s boring.,It don’t care if it’s boring.
Rintaro,Because the path through the ring singularity is open. We’ve been over this already.,We don’t know if there’s actually a black hole at work here. It could be an entirely different phenomenon that just happens to resemble SERN’s experiments. It’s dangerous to jump to conclusions.
Rintaro,There is no think. Only do!,"What, did you read that off a motivational poster? You’re like the classic incompetent boss."
Rintaro,"Indeed. I am the symbol of this lab, not the boss.","I don’t know what you mean by symbol, but how do you plan to turn the PhoneWave into a time machine? Let’s have details."
Rintaro,"My plan... alright, there is one thing. We’ve been thinking that the electrical discharge happens at random, but I have a hypothesis.",Which is?
Rintaro,"Recall the conditions when it occurred, Christina. We experimented through the night with no results, but there’s one variable we overlooked. The simplest, most definitive variable of all. That is, the time of the occurrence.",...ah.
Rintaro,"I checked the times of the two previous occurrences. When I accidentally sent the first D-Mail to Daru’s phone, it happened between noon and one PM. The second time, when all four of us observed the D-Mail, it was six PM. So if we perform the experiment within that timeframe, we might be able to reproduce the effect.",Let’s try it right now!
Mayuri,Mayushii’s banana supply is getting low... gotta buy more.,"Sorry, Mayuri-san. I’ll go buy you some new bananas later."
Mayuri,"Really? Yay♪ Okarin and Daru-kun eat my bananas, but they never buy new ones...","First, let’s see if it’ll become a jellyman. Agh!"
Rintaro,Trying for the clumsy girl appeal?,It was an accident! Put the microwave somewhere else! It’s dangerous and hard to reach like this.
Mayuri,"Chris-chan, Chris-chan! Pain, pain, go away♪","Thanks, Mayuri-san. Ah!"
Rintaro,"Heh heh heh... muhahaha... MUHAHAHAHA! Just as I suspected, the critical variable was time!","W-way to go, Okabe. It was so simple, I didn’t notice it."
Rintaro,"Your praise does you credit, Christina, but I know you’re frustrated you didn’t think of it first. Muhahahaha!","Anyway, let’s see if we can send another D-Mail."
Itaru,"It’s cool, man. You never had any to begin with.","Help me, you two! Okabe, I’m sending an email to your phone."
Mayuri,"What are you gonna send, Chris-chan?",It doesn’t matter what it says. What matters is whether we can send it or not.
Rintaro,"Wait! You there, assistant! What are you typing?",You’ll see. Ready? I’m sending it.
Itaru,"Starting the countdown! 3, 2, 1... zero.",Kya!
Rintaro,"MUHAHAHAHA! It’s working! It’s working, you guys!",...Did it arrive? Pfft...
Rintaro,Christina. Did you send two mails?,Eh? No. I only sent one.
Rintaro,But I received two.,"You’re right... I even sent it in one sentence, but it got divided."
Rintaro,"By the way, what does this word mean?",Why don’t you look it up?
Rintaro,You’re right. This one got split too.,I wonder what’s causing it.
Mayuri,"Um, Mayushii wants to know why it arrived five days ago.",Good point. Didn’t the last one also arrive five days before we sent it?
Rintaro,"Alright, lab mems! Battle stations!",He’s at it again...
Mayuri,Wow! You’re so generous♪,So I guess your job is opening the microwave.
Rintaro,"Heh. No, my assistant’s judgment is sound. The key to a successful D-Mail is most likely the correct timing of opening the microwave door!","Uh, I was just kidding."
Rintaro,"Furthermore, the current operation is top secret. You must not leak it to anyone. Got it? Now I shall give this operation a name! It shall be known as Op--",Don’t need one. Let’s start.
Rintaro,Wha... but...,Go ahead and rest. I’m gonna have a go at it a little longer.
Rintaro,...I see.,I sent you an email. Didn’t you get it?
Rintaro,Stop screwing around! I’m the one who has to deal with Mister Braun!,But I gave you five days advance notice.
Rintaro,"Yeah... I could feel his Killing Aura. Anyway, no more experiments today.","Well, at least we got some good data. I’m dead tired, and my hair’s dried out. I want to take a shower and go sleep."
Mayuri,"If you want a shower, there’s one here. It doesn’t have a bath, though. Okarin always uses it.",It’s probably filthy...
Rintaro,I’d be lying if I called it clean. This entire building is in shambles.,"Anyway, I refuse to use the same shower as Okabe."
Rintaro,"I understand. Nobody will blame you if you don’t use it. Of course, since the three of us stayed up all night, we’re all pretty smelly. Heh heh heh.",That’s why I’m going back to my hotel once I finish eating.
Rintaro,Celebrity bath time at a high class hotel? I want to come too.,Not a chance.
Mayuri,Mayushii wants to come too!,"You can come any time, Mayuri-san."
Itaru,Me neither.,Same. I didn’t give it a second thought.
Itaru,"It’s normal, duh.",No objections.
Rintaro,"Oh, right. Thanks to a certain assistant, I didn’t get a chance to present the operation’s codename yesterday. Heed me! These D-Mail experiments are all part of Operation Ur--","The experiments have been fruitful. At the very least, we’ve learned what we can do with D-Mail. That about sums it up. Anything to add?"
Itaru,"But we figured out how to control when it arrives. That’s pretty good, right?",Observation isn’t enough. We need to find the underlying principle. What I’ve written here is nothing but verified phenomena.
Mayuri,"And you can send 36 letters in a D-Mail, but everything past that disappears, right-? So I think maybe you can’t send big things, or a lot of small things. Maybe the Curb black hole--","Uh, it’s Kerr black hole."
Mayuri,The Curb black hole--,Kerr black hole.
Rintaro,Stop making her say stuff like that!,"The hole is tight... huh. That might not be entirely wrong. Maybe we have the same problem SERN has with their time machine. Since they can’t fully control the lifter, they can’t make the singularities perfectly naked, which limits how much they can send."
Itaru,"Anyway, 6 Japanese or 12 English characters comes out to 12 bytes.",Bytes? Not kilobytes?
Rintaro,"Heh. Is that so, assistant?","Sh-shut up! You don’t see things measured in bytes nowadays, so I was just making sure..."
Rintaro,"But I’m pretty sure that chicken and bananas have to be larger than 12 bytes. Since each grain of salt is tiny, it’s possible they could be converted to less than 12 bytes.",So larger masses get crushed by supergravity?
Rintaro,Mass might not be the issue here. Data doesn’t have mass.,"In any case, since the singularity isn’t naked, the object is forced to pass through the event horizon. Inside the event horizon, space and time switch places, causing the subject that arrived at the ring singularity to reach ultra high speed... The data, crushed and destroyed by super gravity, is shot out of the black hole..."
Rintaro,As a jellyman.,But even a small mass has to pass through supergravity. How does it emerge unscathed?
Rintaro,"If the hole is too tight, then just inject more electrons.","I don’t think it’s that simple. I mean, I’m sure SERN’s tried that already. And yet they haven’t gotten any results after nine years of experiments. It’s not as simple as increasing the flow of electrons."
Rintaro,I see...,"SERN has a lifter, but we don’t know what in the PhoneWave is filling the same role, much less how to adjust it."
Rintaro,"Think of it like an RPG. The ring singularity, the entrance to the event horizon, is the gate to the Demon Lord’s castle.",D-demon Lord...?
Mayuri,I get it! That’s really easy to understand.,It is?
Mayuri,Ehehe! Yay!,But it’s still a hypothesis. It hasn’t been proven.
Itaru,How would you prove it? With human experiments like SERN?,"If Okabe and Hashida-san volunteer as test subjects, I’ll happily experiment on you."
Rintaro,"Same here. No, not in the way he’s implying.","Idiots. As I keep saying, the real problem is what the PhoneWave uses as a lifter."
Itaru,Though I guess it’s not a real time machine unless we can send people to the past.,"Even SERN has failed to send humans through. If you believe what Titor says, it won’t be another, what, 24 years before there’s a true time machine?"
Rintaro,Physical time travel is impossible for us at the moment. We lack the funds and facilities available to SERN. And yet we have realized a form of time travel. We’ve sent data to the past.,We should investigate the PhoneWave further. We need to understand what’s going on.
Itaru,It’s not the first. SERN beat us.,And you can’t even say we developed it. It happened by accident.
Rintaro,"Hmph! It seems that my assistant doesn’t know the meaning of the word ’serendipity’. Penicillin, X-ray machines, dynamite -- these inventions and more were all born from coincidence!",I guess...
Mayuri,"But Chris-chan, you said before that time machines don’t exist, right? But now you admit they do!","It’s just that I have to admit it for now. If we investigate how the PhoneWave works, it might turn out to be something that only seems like time travel."
Itaru,"Wait, that was a Round Table Conference? I didn’t know that. And it’s even the 66th.","Who cares what kind of table it is? I’m gonna go back to my hotel, take a shower, and sleep."
Itaru,"Alright, program complete.",Then lets resume the experiments.
Rintaro,"Heh, don’t worry. Yesterday, I made this promise with Mister Braun. ’I swear there won’t be any more shaking today.’ In other words, the no-shaking promise only applied yesterday, so since today is yesterday’s tomorrow, we can shake it all we want!",That doesn’t settle anything. Why you’re so confident is a mystery to me.
Rintaro,"In other words, Christina, you want me to erase Mister Braun.","No! Besides, I don’t think a wimp like you stands a chance against him."
Suzuha,Of course I am. Why else would I be here?,"What, is she still tinkering with that bike of hers? She was there when I came in, glaring at me."
Rintaro,The manager of that junk shop you work at.,It’s not a junk shop. It’s a CRT specialty shop.
Rintaro,"You heard her. This must be the choice of Steins Gate. Mister Braun is currently absent. In other words, we can experiment to our heart’s content!","That doesn’t solve the problem, you know."
Rintaro,Enough of your unsophisticated names. The upgraded version shall be known as Heavenly Merry-Go-Round.,The name doesn’t matter. Let’s just start the experi--
Moeka,...You looked like you were having fun.,Hardly. I’m fed up with these people and their fooling around.
Itaru,This assistant is such a tsundere.,Who are you calling a tsundere!?
Itaru,"Oh? Makise-shi, you know what tsundere means?",...N-no.
Rintaro,I think you do. It’s written all over your face.,Mmmgh...
Rintaro,"Now then, lab mems. The 73rd Round Table Conference will come to order.",Yesterday was the 66th. Where’d the other six go?
Rintaro,"Only anal retentive bastards care about the minor details. That’s why you’ll never be more than an assistant, Christina!","Like I keep saying, I’m neither your assistant nor Christina."
Rintaro,"When I say practical applications, what I mean is... Changing the past.",Now hold on! It’s too dangerous! Are you trying to play god!?
Rintaro,Oh? What’s so dangerous about it?,Let’s say you create a time paradox and blow up the world. What do you plan to do then?
Rintaro,"Well, I guess we’d be dead.","You’re going to change the past so recklessly? Are you kidding me? Don’t tell me... you’re not seriously trying to bring chaos to the world or whatever, are you?"
Itaru,"Nah, he’s all talk. It’s fine to ignore him, Makise-shi.",R-really?
Moeka,Project... Chaotic?,Did you just come up with that?
Itaru,"Correct, Makise-shi!",YES.
Rintaro,"First of all, the purpose of this experiment is to verify whether or not we can actually change the past. So it doesn’t matter how trivial the change is.",Have you heard of the Butterfly Effect?
Itaru,"Yeah, it’s like that saying. ’When the wind blows, the bucket maker gains.’","Eh? No, it’s kinda like that, but kinda not..."
Rintaro,"A butterfly flaps its wings in Beijing and a storm happens in New York, right?","Yeah, that. Part of Chaos Theory. Basically, any change, no matter how small, could have a significant effect on the future. How do you plan to take responsibility for that?"
Rintaro,Titor said that the many-worlds interpretation holds true.,And that makes it okay to change the past? You’re going to believe that self-proclaimed time traveler’s delusions?
Rintaro,Can you prove they’re delusions?,I’m asking what you’re going to do if they are. How are you going to deal with the consequences?
Rintaro,"Christina, you said this before, did you not? When hypotheses pile up, and theories are verified, they become reality. That’s how modern physics comes to understand the truth of the universe. You’re contradicting yourself.","No, I’m not. We don’t even have a hypothesis for how the PhoneWave works. We’re just fumbling around in the dark here. There are still too many risks to try changing the past. We should wait until we know more."
Rintaro,"You’re actually itching to try it out, aren’t you?",W-well...
Rintaro,"Besides, didn’t you want to prove that the PhoneWave (name subject to change) isn’t a time machine? If it’s not a time machine, then it can’t change the past. You could prove yourself right, so why are you against it?",Oh shut up...
Rintaro,"And if you’re going to talk about time paradoxes, then what about SERN? They’ve already sent more than 100 people to the past. Surely a few paradoxes have happened by now.",So you want to stoop to the same level as the guys that did those inhumane experiments?
Rintaro,"Hmph. Peace, you say? Don’t be ridiculous. I am the insane mad scientist, Hououin Kyo--",And here I thought you had ambition.
Rintaro,"Don’t get me wrong. This isn’t about world peace and it isn’t about ambition. It’s about discovering whether or not we can change the past. The easiest way to do that is to see if we can win the lottery, right?","But your primary goal is the money, isn’t it?"
Rintaro,"With that kind of money, I could say goodbye to this rickety old building! Muhahaha! I could get an office in Daibiru or UPX!",See? Just like I thought.
Mayuri,A t-truckload?,"No, Mayuri-san! Don’t let him tempt you!"
Rintaro,"Shut it, Celeb Seventeen!",S-se...? Serendipity?
Rintaro,Celeb. Seventeen.,What the hell is that supposed to mean!?
Rintaro,You live in a hotel off of your parents’ money. You could never understand the plight of poor students like us.,"... What do you think, Moeka-san?"
Rintaro,"If you’re going to complain, then suggest an alternative. A change to the past that would be both trivial and easy to understand. Got anything?",Um...
Mayuri,Hmm?,Let’s try changing the hotel I’m staying at.
Rintaro,"How are we supposed to know the difference? If you want to stay in Uguisudani, do it on your own. That should be easy for a Celeb Seventeen like you.",Do you have to say it like that?
Rintaro,Because that’s where all the love hotels ar--,One more word out of you and I excise your frontal lobe with a rusty scalpel.
Mayuri,"First, we need to buy a lottery ticket.","No, first we need a winning number."
Rintaro,"Exactly, Celeb Seventeen! Now you’re talking.",Don’t call me Celeb Seventeen.
Itaru,"Hmmm, I’ll google it.","If someone sent me the winning numbers from the future, would I believe it?"
Mayuri,"Um, Mayushii doesn’t even know how to buy a lottery ticket...",That’s okay. I don’t think teenage girls buy lottery tickets.
Itaru,Why?,That is an awful lot of money... hahaha...
Rintaro,"No, not that. 1st place would be... too conspicuous.",What?
Rintaro,"Don’t you get it!? I’m being chased by the Organization. If we win 1st prize, the media will cover the event and my cover will be blown!",That’s stupid.
Rintaro,"No. Stage Two of Operation Urd does have its risks, just like Celeb Sev said.",Celeb... Sev? Don’t abbreviate it.
Rintaro,"I’ll be the winner. That way, I shoulder all of the risk.","And all of the money, right? I see your plan."
Rintaro,"Yeah, that’s good. That should be about right.",You’re such a chicken.
Rintaro,"Heh, heh heh heh! That’s rich, coming from the one who was so worried about the risk of time paradoxes. Eh, Celeb Sev!?","I’m begging you, stop calling me that. I’ll settle for assistant. And don’t misunderstand. I’m still worried about what could go wrong."
Rintaro,I’m trying to minimize our risk by choosing an amount that’s just right. Stop being so stubborn.,"...No, you."
Itaru,"The drawing was five days ago. It needs to arrive before that, right?","We’ll send it to one week ago. 7 days is 168 hours, so let’s round up a bit and enter 170#."
Rintaro,The time has come. Prepare to open Steins Gate!,"It’s been bugging me, but what is that Steins Gate thing?"
Rintaro,"Steins Gate is Steins Gate. Nothing more, nothing less.",That doesn’t explain anything.
Itaru,More sexy this time!,"Stop it, perv."
Rintaro,"The money! Did I win the LOTO SIX? Hey, Celeb Sev, did I win 3rd place?",Don’t call me Celeb Sev! And 3rd place of what?
Rintaro,...what? What did you say just now?,Wh-what?
Rintaro,What the hell did you say just now!?,"Got a problem? I asked what, and then you just--"
Rintaro,"Not that! You said ’3rd place of what’, right!? I mean 3rd place of LOTO SIX!",What?
Rintaro,Wait! What happened to stage two of Operation Urd!?,"By stage two, you mean an experiment to see if we can change the past, right?"
Mayuri,"Mayushii thinks we shouldn’t be so greedy for dough. Ah, but when I say dough, I don’t mean like for baking.",I think we all know what you mean.
Mayuri,Don’t pick on Luka-kun!,"What’s wrong with you, Okabe? You’re acting weird."
Rintaro,Why are you asking me that? You saw me send them.,I did? What are you talking about?
Suzuha,"You shouldn’t yell at children. Look, she’s shaking.",You’re even more of a perv than Okabe! I’m not using ’-san’ for you any more!
Itaru,I’m not a perv! I’m a pervy gentleman!,What does that even mean!?
Rintaro,"Hey, assistant. You’re not going back to your hotel?",Is there a problem?
Rintaro,"No, no problem. I was just wondering what you were still doing here.",Nothing. I just wanted to think for a bit.
Rintaro,Can’t you think at your hotel?,What? You’re kicking me out?
Rintaro,"Ahh, I get it. You’d be lonely in your hotel room, but you have no friends, so you want me, the great Hououin Kyouma, to look after you. Isn’t that right, you spoiled Celeb Sev?","You’re the lonely one, aren’t you? You’ve been acting gloomy all day. Do you need some advice? I’m an outsider, in a sense, so it should be easier to talk to me, right? A man getting advice from a younger woman is kind of *mumble mumble*, but if you’re fine with that, then just ask away."
Rintaro,"I need to send some emails. If you insist on staying here, then be quiet and stay out of my way. Okay, Zombie?","Of all your stupid names, that one’s the worst."
Rintaro,Want some coffee?,Sure. What’s wrong with you? Stop fidgeting. That was a pretty heavy sigh.
Rintaro,Christina. There’s something I want to talk to you about.,Shouldn’t you answer your phone first?
Rintaro,It’s Daru. It’s probably something stupid.,"You’re really self-righteous, you know."
Rintaro,"You might not remember this, but earlier, I changed the past with a D-Mail.",... ...I haven’t known you long enough to tell whether you’re serious.
Rintaro,"It happened. And then everyone except me forgot about it. Or rather, the fact that it happened was erased from history.","The past changed, so the present changed with it? The Butterfly Effect, huh. But what you’re saying is nonsense."
Rintaro,Why do you say that?,"Why do you remember that the past changed? If you used a time machine to physically travel to the past and change history, then that might explain it -- barely. ”But with a D-Mail, you haven’t taken one step outside the present, have you?’ So if the present changed, and we changed with it, you would have to change too. Or are you saying you didn’t change because you’re the observer? In that case, you’re claiming that you’re not a human being."
Rintaro,"...Everything is the choice of Steins Gate! This is the power of my magic eye, Reading Steiner! Muhahaha!","Aaaand he’s at it again. I’m not playing along with your games. I bet you came up with that Reading Whatever thing just now, didn’t you?"
Rintaro,"...Hmph, she thinks she knows me.",Okabe. You’re grinning.
Rintaro,"...!! N-nonsense, Celeb Sev!",Don’t call me Celeb Sev!
Rintaro,Are you really that desperate for attention?,"Just getting revenge. You’re always making fun of me, so I deserve at least this much."
Rintaro,"Despite what you may think, I actually respect you.",That’s rich. You don’t even say my name right.
Rintaro,I’m sorry about that.,"Well, that’s unexpected... You actually apologized."
Rintaro,"I do apologize. But I can’t help it. For my brain has recorded you as my assistant, Christina, and I cannot correct it! MUHAHAHAHA!",I’m gonna crack your skull open and stick electrodes in your hippocampus. Who are you talking to?
Rintaro,John Titor.,Huh? No way.
Rintaro,"He’s open to discussion as long as you’re not trying to troll him, and his mail address is public. This is the second time we’ve exchanged mails.","No wonder you keep referencing Titor’s posts. You believe him, don’t you?"
Rintaro,Not entirely. But there are several points in his story I do agree with.,Really? I can’t see it as anything but fiction.
Rintaro,... Muhahahahaha!,D-don’t just start laughing like that. It’s creepy.
Rintaro,"Hehehe, but I must! He says I have powers! Isn’t that rich!? You don’t have to tell me what I already know, John Titor! My true power... is the magic eye, ’Reading Steiner’!",Sounds to me like you’ve got a bad case of chuunibyou.
Rintaro,Eh?,Eh...?
Itaru,"Um, Makise-shi? What the hell happened to Okarin?","Beats me. A few hours ago, he was exchanging emails with John Titor, and then he suddenly got quiet. And then he started ranting. He’s been like this for half an hour."
Itaru,"He’s been acting strange all day, don’t you think?",Agreed.
Rintaro,Fret not. It’s almost closing time for the Braun Tube Workshop.,"The PhoneWave doesn’t work at night, remember?"
Rintaro,Change the past to your liking. As long as it’s something easy to observe.,I’m going back to my hotel. Show me your report on today’s experiment tomorrow.
Rintaro,Hold it!,Hey! What’s your problem!?
Rintaro,Who’s writing that report?,"You, of course. This is your operation. And if we could get a report from the subject too, that would be even better."
Rintaro,...Are you not interested in changing the past? What happened to your eagerness to experiment?,Did you forget what I said this afternoon? I’m against it.
Rintaro,But you were so enthusiastic when we began the experiments. You went along without a single complaint.,"In your dreams, maybe."
Rintaro,"You’re not being objective, Christi... Celeb Sev.","If you’re going to correct yourself, at least get it right."
Itaru,Hell yeah! I’ll give it my best shot!,So why do you think you’re the only one who remembers?
Rintaro,You’re awfully persistent. I see why they call you The Zombie.,I don’t follow.
Rintaro,Zombies never stop coming. They’re persistent.,Cut the jokes. I’m serious here.
Rintaro,I think that the key is who receives the D-Mail. Only the recipient himself is able to retain his memories. That would be my guess.,Hmmm...
Rintaro,"After Daru, you’ll send the next D-Mail. Think about what you want to write.",No. I’m not sending one.
Rintaro,Scared?,That’s not it.
Rintaro,Then are you worried about time paradoxes?,"Well, there’s that, but it’s more like a personal policy. Changing the past feels like cheating. I may only have 18 years of life experience, but I don’t want to change any of those memories."
Rintaro,"I see. You’re perfect now, so you don’t want to change.",That’s not what I said... I don’t want to deny who I’ve been. Because even my failures are a part of who I am today.
Rintaro,"Even if we solved all of the PhoneWave (name subject to change)’s problems, you wouldn’t use it? Even if John Titor said you could use his time machine to travel to whatever time you wish, you wouldn’t use it? Even if a blue robot cat from the future were to jump out of your desk and give you a doorway to everywhere, you wouldn’t use it?",I wouldn’t.
Rintaro,But you love experiments. Don’t you?,S-something wrong with that?
Rintaro,"So basically, you like to experiment on other people while you watch and cackle at the results! You truly are a mad scientist!",Why you--
Itaru,Done!,I don’t get it.
Rintaro,That you just sent a D-Mail!,"Of course I remember. What are you... Oh, I see. According to your hypothesis, you and I shouldn’t remember sending the D-Mail."
Itaru,I don’t know... This sucks.,...Maybe the past hasn’t changed?
Itaru,"I’ll try calling Mayu-shi. Mayu-shi? You’re still at work, right? Is Faris-tan there? ...She is!? Um, can you ask her if I beat her in the Faris Cup? Did I get to eat her home cooking? ...Who lost? I did? Oh... Barely took five seconds? Oh... okay...",I guess that means the past hasn’t changed.
Itaru,"Why!? It changed for Okarin, right!?","Maybe your foolproof plan wasn’t so foolproof. Like, maybe it only gave you a slight advantage. Since Faris-san defeated you anyway, the past didn’t change."
Rintaro,That might not be enough to cause worldline divergence.,"Like Okabe said, you need to make a change that’s easier to observe. Or else there’s no point to this experiment. Um, n-not that I approve of this experiment or anything."
Itaru,"No, it’s not over yet. I can still fight! One more time. I’ll try sending my past self some more advice. This time, something that’ll ensure my victory.",You really want to win that badly?
Rintaro,Oh...?,...Out of time?
Rintaro,There’s nothing we can do about it. We’ll postpone the experiment till tomorrow.,"After I left yesterday, I was thinking. How exactly does the PhoneWave make time travel possible?"
Rintaro,It works like the LHC. Didn’t you say the LHC was like a giant microwave?,"If every microwave could turn into the LHC, then Japan would have black holes popping up everywhere."
Itaru,"Whoa, that sounds worse than earthquakes.","I know it looks like SERN is able to create Kerr black holes willy-nilly, but that’s not supposed to be possible. You can’t just press a button and make a black hole. Even if you could, the risks would be unthinkable. It’s ridiculous to suggest that a household microwave could generate a black hole. My point is that there has to be something else going on here. Some outside source must be injecting electrons into this microwave. Well, I’m going back to my hotel. I’ve had enough of this filthy man cave. See you tomorrow. Don’t forget to write that report."
Mayuri,"Look, it’s Chris-chan! Chris-chan, tutturu♪",Good morning.
Rintaro,What did you say to the part-timer downstairs?,"Nothing much. I told her if she wanted to say something, she should just say it."
Rintaro,What did she say?,Nothing. She just groaned. I wonder what’s wrong with her.
Itaru,"She’s jealous of Makise-shi’s popularity, duh! She’s thinking ’If only I’d joined the lab instead of her. Then I would be having fun with everyone right now! I’m so jealous!’ or something like that. I’m telling you, man. 3D is hell.","If she wants my lab mem number, she can have it."
Rintaro,"What!? The lab mem number you carry is the highest credential a scientist could hope to achieve! They sell for millions on the black market, but you would give it away!?","It’s not exactly a counterfeit passport. Also, shut up."
Rintaro,...Let’s use that canned ramen. You’ll send a D-Mail to yourself one hour ago. Type ’I wanna eat canned oden’ or something like that.,I don’t think that’s enough to convince her to--
Mayuri,"Oh, that might work!",Eh...?
Mayuri,"Okay! But before we change the past, I gotta finish this ramen first.",What happens if you don’t finish it?
Mayuri,It’ll go to waste♪,Oh... of course. Ahaha...
Mayuri,Aw... I haven’t sent it yet...,"So one second isn’t enough for the discharge to occur. That’s what I expected, but it’s good to have proof."
Itaru,What if you try warming it up beforehand?,Warming it up?
Itaru,"One second isn’t enough, right? So just run the microwave for about 30 seconds without sending a mail. As soon as it’s done, run it again with the timer set at one second. That should cause the discharge, right?",Any basis for that?
Mayuri,Smoked tuna.,She remembers!?
Rintaro,A secret? What do you mean?,What’s going on?
Rintaro,"No, that’s not the problem.","Hmmm, I see. I understand how you feel, but since this is an experiment, data collection should take priority."
Rintaro,"Oh? We agree for once, assistant.","I-I’m not agreeing with you, exactly. If we don’t collect data, then we’ll never figure out how the PhoneWave works."
Rintaro,"Calm down, Daru! We’re not asking you to send something private.","Even if you want to send something private, you shouldn’t for now. We still don’t know how this thing handles paradoxes, so we need to be extremely careful."
Moeka,...Nothing private?,"Nothing you want to keep secret, at least. Even if you mean well, the mail’s content might have a serious effect on the timeline. You should show your mail to a third party and have them check if the content is problematic or not."
Rintaro,Indeed. My assistant said everything I wanted to say. I will add only that the experiment must go on!,"...I wasn’t speaking for you. Don’t misunderstand. Experiments prioritize data over privacy in the first place. If you’re going to be a test subject, you need to be prepared for that."
Mayuri,"Really? Mayushii wasn’t prepared for that... I’m sorry, Chris-chan...",You don’t have to apologize. I’m not criticizing you. It’s just how these things work.
Rintaro,"I’m not trolling, just naming her power.",Cut the chatter and get started.
Itaru,"Seriously? Okarin, you’re so cool! That’s why we love you!",He’s just talk.
Rintaro,"... PhoneWave (name subject to change), activate! Guh!! Where’s Shining Finger? Where’d she go?",Shining what?
Itaru,Who’s that?,Never heard of her.
Rintaro,...No way.,"Did it happen again, Okabe?"
Rintaro,"What do you mean, ’again’?","Something like this happened yesterday. You remembered something we didn’t. Uh, what did you call it? Oh yeah, Reading Steiner."
Rintaro,"Y-yeah... I’m fine. ...Assistant, how much do you remember about the experiment we just did?","I don’t remember doing any experiments today. You sent a D-Mail just now, didn’t you?"
Rintaro,...Yeah. But things are different from yesterday. I didn’t send the D-Mail. Kiryu Moeka did. Christina. Let’s say a D-Mail caused a time paradox. What would happen?,"...I don’t know. No one has experienced a time paradox, after all."
Rintaro,"But before, didn’t you say something like the world would disappear?","All I said was that that was one theory. Maybe nothing happens, and like in a certain movie, history gets amended to accommodate the paradox. According to Dr.Hawking’s chronology protection conjecture, it’s impossible to do anything that might cause a time paradox in the first place."
Rintaro,"...! ...Ha, haha.","Explain what happened, Okabe. Hmmm. ...Honestly, I’m not surprised she disappeared from the lab."
Rintaro,What do you mean?,"I don’t know the details, but when the past changed, Kiryu-san’s actions these past four days changed ever so slightly. As a result, the timeline was reconfigured so that Moeka-san didn’t come to the lab today."
Itaru,Is that even possible?,"I don’t know. If the fact that the D-Mail was sent is undone, then it becomes a paradox of who sent that D-Mail... And there’s one other thing that I don’t understand."
Rintaro,What?,"What you call Reading Steiner. By the way, you should quit it with that name. It’s stupid."
Rintaro,"Hmph, I didn’t ask for your opinion.","By your explanation, you neither sent nor received the D-Mail. Yet how come you’re the only one who remembers what happened before the worldline changed? What if it’s all in your head?"
Rintaro,"No you don’t. I’m not a ’gentleman perv’ like you, creating imaginary relationships.","Maybe this Kiryu-san never existed. Or maybe Kiryu-san does exist, but the fact that she sent a D-Mail was something you made--"
Rintaro,Gwaaaah!,...eh?
Itaru,"...He’s messing with us, right?",Y-yeah...
Rintaro,No... I’m okay now.,"W-what? That was just an act, right?"
Rintaro,"You are wrong, Christina. Our experiments have already proven... That I... That my Reading Steiner is genuine!","Fine, I get it. You’re a chuunibyou patient."
Mayuri,Hm?,Ah...
Mayuri,Yup.,Do you always stay the night here?
Rintaro,"Pretty much. I wouldn’t be a true mad scientist if I couldn’t stay overnight at my lab, immersed in research.",I think you’re putting too much emphasis on appearances.
Mayuri,"But you know, this place is really convenient. Mayushii would stay over if mom and dad let me.",Y-you would?
Mayuri,"And it’s so close to work too♪ Hey, Chris-chan, why don’t we all stay over some time?","Sure, if the guys aren’t around."
Rintaro,That won’t happen.,"Then why don’t you come to my hotel, Mayuri-san?"
Mayuri,"Oh yeah, we did make that promise, huh? Ehehe! Then let’s do that next time♪",You can come whenever you like. See you tomorrow.
Rintaro,You certainly do! Muhahaha!,Can you stop that vulgar laughter? I can hear you from outside. It’s embarrassing.
Rintaro,Mmgh!? You come here this late and dare insult me? And you call yourself my assistant!?,"I’m not your assistant. Don’t make me repeat myself. Anyway! You’re the worst, toying with such a weak and innocent girl. Aren’t you ashamed of yourself?"
Itaru,"Toying with a weak and innocent girl, you say?","Don’t react to every little thing, you perv. At any rate..."
Rintaro,Christina. Stop eying Lukako’s entire body from top to bottom like that.,I-I wasn’t doing that!
Mayuri,"Do you like the costume, Chris-chan? It really suits Luka-kun, dontcha think?","Is this that cosplay thing I’ve heard about? It’s part of Japanimation culture, right? You’re very cute."
Luka,C-c-cute? No way...,"Why are you crying? You look perfect, so you should be more confident."
Luka,Eh...?,That’s one hell of an acrobatic topic change.
Rintaro,There’s nothing to be embarrassed about. Just proclaim it to the world!,"Well yeah, no wish is embarrassing compared to the idiotic wish for chaos to envelop the world or whatever."
Luka,I want... to be a girl.,...What?
Luka,I don’t really... like how I look... I always thought... that if I were a girl... I could be a little more confident...,"Wait. Wait a second. Umm, what did she say?"
Rintaro,"Heh, heh, heh. Assistant mine -- no, Christina!","I’m not your assistant, and I’m not Christina!"
Rintaro,You’ve made a grave error!,I have?
Rintaro,"Don’t you understand? No, of course you don’t. How could you, with impure thoughts clouding your eyes!",Wh-what do you mean?
Rintaro,Allow me to explain. You called Lukako here a ’weak and innocent girl.’ But he’s not a girl at all. He’s a guy!,Is that some kind of joke?
Rintaro,"It’s not a joke, but the naked truth as described in the Akashic Records! Muhahaha!",...Are you guys trolling me?
Itaru,Eh?,...Eh? Is what Okabe says true?
Luka,Y-yes... I’m... a guy...,N-no way! Someone this cute can’t be a boy!
Itaru,You’ve got it backwards. You’re supposed to say ’Someone this cute can’t be a girl.’,That’s not what I meant.
Rintaro,"Why, Christina. Is it such a shock to meet a man far more feminine than you?","I admit it. Compared to her... I mean, to him, I’m not as cute, I talk more rudely, and my attitude is worse... This is a three-day-coma level shock."
Mayuri,Chris-chan’s cute too♪,Don’t try to comfort me. It just makes me feel worse.
Rintaro,"Admitting your faults is the first step towards becoming stronger. You may one day become a splendid woman, Christina. You’re still young.",Who the hell asked you?
Rintaro,I take it back! You’re a stubborn fool who refuses to face the truth!,Shut up. I don’t want to hear that from you.
Itaru,"Welp, better get my trusty digicam...","Don’t try to sneak in a photo session, you perv!"
Mayuri,"Luka-kun, you’re so cute♪",S-So cute... This reminds me of something I heard once.
Itaru,"Exposition scene, go!","There’s a saying that if you eat a lot of meat when you’re pregnant, you’ll have a boy, and if you eat a lot of vegetables, you’ll have a girl."
Itaru,Source? Minmei Shobou?,I saw it on the internet.
Itaru,S-so that’s how you reply... well played.,Wh-what are you talking about?
Rintaro,"But what about primitive people who lived on hunting? If that theory is true, then they would have had too many boys and not enough girls. Humanity would never have made it this far.",I never said it was true. I just remembered hearing it somewhere. Don’t snap at every little thing.
Rintaro,"I didn’t snap. Christina, feel like verifying that theory?",...What are you implying?
Mayuri,PhoneWave-chan? It can tell if you’ll have a boy or a girl?,Wait... of course. We can send a D-Mail to Urushibara-san’s mother when she was pregnant.
Rintaro,Indeed. Something like ’Eat more vegetables!’ You think it’s worth a shot?,Well...
Rintaro,"It’s too late to hide behind your goody-two-shoes mask, Christina. Your fate is to become a mad scientist, for you are an experiment-loving girl!",Who are you calling an experiment-loving girl!?
Rintaro,Am I wrong?,"N-no, but..."
Rintaro,So Lukako shall be a lab mem from this point forth. Any objections?,Here. I want to give Urushibara-san my number so I can retire.
Rintaro,Denied. Anyone else?,...*sigh*
Rintaro,When did cellphones become widespread in Japan!?,Ah...
Itaru,What about modifying it to send crazy waves or something?,What the hell are crazy waves?
Itaru,"Waves that only crazy girls can pick up. You know, girls who always talk about stuff no one understands. It’s pretty moe.",I’ll microwave your brain if you don’t shut up.
Mayuri,"Um, couldn’t you put a letter in a time capsule and bury it?","That would go to the future, not the past."
Itaru,I know! How about that thing where you get struck by lightning and that turns you into a girl! Like in old comics and anime.,There’s no point to the experiment if we don’t use D-Mail. Don’t lose sight of the objective.
Mayuri,"We’re counting on you for a nice idea, Chris-chan♪","M-me? I... We could... build a rocket which exceeds the speed of light squared, then that immense speed would reverse the flow of time, or something..."
Rintaro,"Furthermore, genius girl, you just contradicted relativity.",It was just a joke. Don’t take it seriously.
Rintaro,"Useless, all of you! This lab is a disgrace!","Fine then. Let’s hear from Hououin Kyouma, the insane mad scientist with an IQ over 170 whose brain cells are coveted the world over. What’s your genius plan?"
Mayuri,"Yay! That’s great, Luka-kun!",Now we can proceed with the experiment.
Itaru,Luka-shi’s girl version... will definitely be moe.,"Urushibara-san, you need to think about what to send to your mother in the past."
Luka,Then... ’EAT LOTS OF VEGGIES TO GIVE BIRTH TO A GIRL’.,That’s a little too direct. And it’s over the character limit.
Rintaro,Then a little modification. How about ’EAT VEG 4 HEALTHY KID’?,"Isn’t that a little too informal? You’re talking to Urushibara-san’s mother, you know? Would she understand the ’VEG 4’ part?"
Rintaro,"Don’t you remember? Just now, we used the PhoneWave (name subject to change) to-- Sorry. It’s nothing. Christina. I want to ask you something. Is Lukako...",What pervy act are you thinking about this time? Can’t be too careful around the perv duo.
Itaru,We’re not a perv duo. We are a pervy gentlemen duo!,"Whatever. Seriously, whatever."
Rintaro,"Daru, don’t decide things on your own!","What? You called me all the way to Japan, and now you-- ...I knew it. You never wanted to see me, did you? ...sniff. Why did you ask me to come here, then? Can you at least tell me tha-- ... I... I..."
Rintaro,Y-yeah?,"I wasn’t crying or anything, okay!?"
Rintaro,"No, you were definitely crying.",Don’t be ridiculous! Where’s your proof!?
Rintaro,Your eyes are red.,"Ugh... I wasn’t crying, okay!?"
Rintaro,"You’re not being very logical, Christina.","Anyway, I wasn’t crying. Understand? End of discussion. Sniff."
Rintaro,Christina.,Shut up. Don’t talk to me.
Rintaro,"Listen. You don’t have to talk. Just listen. If there’s something troubling you, I’ll do everything in my power to help.",...Eh?
Rintaro,"And it’s not just me. I’m sure I speak for Mayuri and Daru as well. So don’t hesitate to come to us. When you want to cry, don’t hold it in. Just let it out. We won’t reject you. We’ll hear you out.",Why...
Rintaro,Because you’re important to us. You’re our friend.,Ah... yeah... ...I’m sorry. I was a little upset.
Rintaro,You don’t have to tell me if you don’t want to. Just tell me when you’re ready. I’ll hear you out.,...Okay.
Rintaro,Thanks for coming in on a Saturday. Your devotion to science makes me proud.,"Yeah... It’s the middle of summer, but instead of going on vacation, I’m stuck in this sauna with a bunch of pervs. Where did I go wrong?"
Rintaro,"Wipe your tears, you experiment-loving girl without a single friend.","I’m not crying! Besides, you’re the one who told us to be here."
Mayuri,"You know, Chris-chan is actually a very honest and hardworking girl. That’s what Mayushii thinks♪ That’s what makes her so adorable.","Eh, wha...!? How can this girl say something like that while eating a nugget..."
Itaru,A yuri flag. I get it.,Please unget it.
Mayuri,"Here, Chris-chan. Have a nugget.",Th-thanks... Don’t put that there. It’s filthy.
Rintaro,I just washed them!,Like I care. What kind of guy puts his underwear in a girl’s face? Have some decency.
Rintaro,"If you’re that interested in my underwear, then just say so.",Wh-wha...! I’m not interested at all!
Rintaro,"Don’t interrupt me! As I explained to Daru yesterday, I’ve noticed something about the results of our experiments! D-Mails have too many uncertain variables. We can never be sure what will happen when we send one.","It’s not like we can do anything about that. After all, the result is up to whoever receives the mail. Of course, if you can analyze the recipient’s psychology, then you might be able to manipulate them into doing what you want. Though that might be a bit too much for Hououin Underwear here."
Itaru,Another Round Table?,"If you want a Round Table Conference that much, at least go buy a round table."
Mayuri,"Remember what Okarin said, Chris-chan? The round table is in our hearts.","Mayuri-san, you’re really innocent. But you shouldn’t take everything Okabe says seriously."
Rintaro,"The round table doesn’t matter now. More importantly, the purpose of today’s meeting... Is to explore methods of true physical time travel, not just D-Mail, with the objective of sending someone to the past like SERN has.","Don’t be ridiculous. SERN has the best equipment in the world, and even after nine years, they still haven’t succeeded. We can’t possibly hope to accomplish something like that."
Itaru,"Kinda sounds like Gero Froggy. Why did those things get popular, anyway?",This isn’t a laughing matter...
Rintaro,"Humanity’s first time-traveling email. For we who have achieved that miracle, nothing is impossible!","Such baseless confidence. Anyway, wasn’t it just a coincidence that we discovered D-Mail? We still haven’t figured out what’s functioning as the lifter."
Rintaro,"We just need to figure that out, don’t we?","It’s futile. How do you solve a problem that even SERN can’t figure out? If you can’t set the destination, then you don’t know where you’ll leap to."
Rintaro,"Wait a second. We don’t set the destination when we send a D-Mail, yet it still arrives where it’s supposed to. How do you explain that?",Now that you mention it...
Itaru,"You set the mail address, right? Isn’t that enough?",Is it? I don’t think a phone signal can be received from millions of kilometers away.
Rintaro,Maybe our cellphones are acting like black holes and white holes.,You shouldn’t speculate like that. You have zero basis.
Rintaro,Is it possible that we form a wormhole?,No wormholes have ever been confirmed to exist.
Itaru,"But with D-Mails, you can only send 36 bytes of data. No way you can send a whole person with that kind of limit.","If you want to become GelOkarin, I’m not stopping you."
Rintaro,Such pessimism is unbecoming of a scientist sworn to uncover the secrets of the universe.,"I’m telling you to know your limits. If you’re going to uncover the secrets of the universe, you need personnel, equipment, and funding to rival SERN’s. It’s one thing to set lofty goals, but this impoverished lab has no resources to speak of. I’ve been thinking. Maybe we should bring the PhoneWave to a proper research institution and entrust it to a specialist. SERN’s keeping their time machine research top secret, so if we make an official announcement, it’ll benefit the future of mankind."
Rintaro,"...If we make an official announcement, the Organization will become aware of my existence.",Oh come on! I’m being serious here. This isn’t the time for your childish--
Rintaro,"And we’ve hacked into SERN. Those heartless bastards will do anything, even experiment on human beings. And behind them is a power greater than all the nations of the Earth. If we make the PhoneWave (name subject to change) public, they might have us erased.",...You watch too many movies.
Rintaro,The name ’Committee of 300’ appeared in actual SERN documents.,"Yeah, but..."
Rintaro,"Also, and this is the biggest problem-- If we go public, we won’t be able to do cool stuff with D-Mails anymore!",Why you...
Rintaro,Muhahaha! No way I’m giving up such an awesome machine! I am Hououin Kyouma! The insane mad scientist who rules space and time! What I desire is -- that’s right -- CHAOS!,This guy’s hopeless. Better do something quick.
Mayuri,Hwe?,Ah...
Rintaro,Christina. Are you an @channe--,"Shut up! I’m not, okay!?"
Rintaro,Thank goodness you’re on my side. Christina. Report on the status of these translations.,Can you stop talking like that? It’s pretentious and annoying as hell.
Mayuri,"Hell☆ Um, Chris-chan, as Okarin’s childhood friend, I promise you’ll get used to how he talks eventually.",I just hope it doesn’t take ten years...
Rintaro,"So you’re saying you want to stay with me for ten years? In other words, you want to work at this lab for the rest of your--","It was sarcasm, get it? Sarcasm."
Rintaro,"...Oh. Give me your report, Christina. If you don’t, I’ll call you an ’@channeler’--","Didn’t you hear me the first time!? I’ve been working on the translation when I have time, but so far I haven’t seen anything new about time travel. It looks like SERN is still struggling to find a solution."
Itaru,"Well, it looks like SERN’s in the middle of a big project, so the LHC’s at full operation. I’m trying to see if I can cut in and maybe use it secretly.",What? No way.
Mayuri,Is that amazing?,"It’s not amazing. It’s downright outrageous! Super Hacka, what a monster!"
Rintaro,"Hey, Christina. Are you doing that on purpose?",Ugh... d-doing what?
Itaru,Donated to Yanabayashi Shrine? That’s stupid.,You sure you weren’t hallucinating? It’s hot these days.
Rintaro,... Don’t tell me it was John Titor!? Of course! Titor’s goal was to obtain an IBN 5100! And I’ve already contacted him several times. But how did he get my personal information!?,Calm down. Tell us what happened. You don’t have to be precise. Just say whatever comes to mind. We can work it out later.
Rintaro,Y-yeah...,Hmmm... The IBN 5100 may have disappeared as a result of changes someone made to the past.
Rintaro,Ohh! So you believe me!,"But from my perspective, all of the D-Mails we sent so far were trivial."
Itaru,The one that said ’Okarin is a perv’.,"And during the preliminary D-Mail experiments, I sent dozens to Okabe’s phone. But they were all insubstantial, so I don’t think they could’ve changed the past."
Itaru,I sent two of them when I was trying to win the match against Faris.,There was one more. The first mail Okabe accidentally sent that said I was dead.
Mayuri,"You mean how you sent the winning LOTO SIX numbers? And how Luka-chan bought a ticket with those numbers, but didn’t win?",But nobody aside from Okabe remembers him sending it.
Rintaro,No. There’s more. Moeka and Lukako each sent a D-Mail.,"Oh, right. That’s what you claim, but Hashida, Mayuri-san, and I don’t remember either of those."
Rintaro,I already told you guys. I’m the only one who keeps his memories after the world changes.,"So according to your perspective, when did the IBN 5100 disappear? Did it just happen? When’s the last time you remember seeing it in the lab?"
Rintaro,Well... I’m sure... it was August 3rd. I remember it being in the lab on August 3rd.,Are you certain?
Rintaro,"You people don’t have a care in the world, do you!? There’s some crazy stuff happening here!",Or it could all just be in your head. No need to panic.
Mayuri,"Okay! Feris-chan? Good afternyan-nyan♪ It’s Mayushii, nyan♪","Nya, nyan...?"
Rintaro,"It doesn’t actually have to run the entire duration. The mail reaches the past if you send it as soon as the discharge begins. In accordance with the Butterfly Effect, the remaining seconds should be canceled out. The experiment never happened.",Hallo.
Itaru,"Of course she did. Mayu-shi and I are the only ones who can deal with your act, you know?",Hallo.
Rintaro,It’s Hououin Kyouma. Don’t hang up.,"Oh, it’s Okabe. I was sure it was a prank call."
Rintaro,"It shows you my number, doesn’t it!?","You were talking crazy, so I got scared and hung up."
Itaru,"Like I said, we’re the only ones who can put up with you...",Hallo.
Rintaro,"This is Okabe Rintaro. Sorry, but could you mess with the PhoneWave (name subject to change)’s settings a little, please?","Well why didn’t you say so? Hmm... you’re going to use the PhoneWave? I don’t want to anger the guy downstairs, though."
Rintaro,"We’re about to perform a critical experiment. Understand, assistant? Mister Braun might yell at you, but that small sacrifice will bring mankind’s dream, the time machine, to fruition.","You’re really irresponsible, you know that? ...Well? What should I set it to? Okay, it’s ready."
Itaru,You’re one to talk.,"Hey, Okabe. How long are you gonna make me wait?"
Rintaro,Mmmgh...,"Okabe? If you’re not gonna send anything, I’m hanging up."
Rintaro,W-wait! Fine. Activate the PhoneWave (name subject to change).,The discharge is starting.
Mayuri,"Take a look, Chris-chan! It’s amazing!",I’m okay.
Mayuri,"Don’t worry, Luka-chan. I’m sure you’ll make our big friends breathe hard. And um, plenty of people like flat chests. So even if you don’t have breasts, you should still have confidence in yourself.",Khmmkhmmkhmm!
Luka,Um... all of the lab mems?,"I can’t go. I have to go back to America soon, and I haven’t even started packing yet."
Rintaro,"Yes, I can see you’re in a rush. I bet you don’t even have time to lounge around and read.","... Fine, I’ll be blunt. There’s no way I’m swimming with two perverts like you! If it’s just the girl members, I’ll happily go."
Rintaro,"Hmph. Be honest, Christina. You just don’t want me to see the Mongolian Spot on your butt!",I don’t have a Mongolian Spot!
Rintaro,"Anyway, if it’s just the girl members, then doesn’t that rule out Lukako?",What’s that supposed to mean?
Rintaro,”Didn’t we tell you earlier? Lukako is a bonafide guy!”,You’re the worst. Where do you get off calling her a guy?
Rintaro,"Christina. I understand your desire to deny the truth. It’s difficult to imagine that a guy could ever be so cute, but--","Okabe! If you want to give me stupid nicknames, that’s fine -- I mean, it’s not, but... What you said just now is below the belt. I didn’t take you for the kind of guy who thinks it’s funny to hurt people’s feelings, but I guess I was wrong. You’re a real jerk, Okabe."
Rintaro,Huh?,Apologize. Apologize to Urushibara-san right now.
Rintaro,"No no no! That’s not how I see you, Lukako. You’re a guy, remember!? Or are you denying reality too!?",You’re the one denying reality!
Rintaro,"Mayuri, when did you start calling Lukako ’Luka-chan’ instead of ’Luka-kun’?","Cut it out already, Okabe! She’s a girl!"
Luka,ah...,You...
Rintaro,"Lukako, you... You’re a girl!?",That’s what we’ve been saying!
Luka,hic... ugg... egh...,"I want to vivisect your skull and remove your brain for a good washing. Then I’ll submerge it in culture fluid so you can never do anything like that again! Anyway, just be thankful I haven’t reported you to the police."
Rintaro,Yes ma’am. I’m sorry.,"Anyway, what in the hell made you think that Urushibara-san was a boy?"
Rintaro,"Heh heh heh... as I already explained, we changed the past. Lukako was a guy, but he wanted to be a girl, so we sent a D-Mail to make his wish come true. And it worked! I knew the worldline had changed. My magic eye, Reading Steiner, saw the shift in time. But I chose to believe my mundane senses instead. I should have had more faith in my powers! I won’t make that mistake again.",Want some more?
Rintaro,"I’m telling the truth. You have to believe me! I can explain this phenomenon logically. When we sent the D-Mail, we changed the past, and all of history changed as a result. My brain perceived that change! Out of all mankind, I alone can perceive changes in causality! I am this world’s observer!",Sit down before I hit you again.
Itaru,Schrodinger’s cat again? The Japanese can’t get enough of that cat.,You’re Japanese too.
Rintaro,"Gh... Anyway, my magic eye has the power to perceive changes in the worldline. This power is called Reading Steiner, as I’ve explained.","And I told you that that name was stupid, remember? It’s Engrish, like something from a kid’s manga. Not to mention it’s a grammatical mess, and there’s also the fact that it’s half German, so no consistency there either. It’s stupid. The same goes for that ’Steins Gate’ thing you’re always talking about."
Rintaro,"Heh heh heh... looks like you’ve still got that Mongolian Spot on your butt. Eh, Christina? Names are all about feeling! My creativity, comparable to the great Da Vinci himself, cannot be held by the shackles of grammar! Muhah--","Show a little remorse, huh?"
Rintaro,"Hey, wait! Let me on! Hey! I shall now brief you on Operation Eldhrimnir. I want you guys to get ready for a party.",And what are you going to do?
Rintaro,Me? I’m going to follow that Part-Time Warrior and report back as the situation changes.,Don’t you dare. Let her be alone with her father.
Rintaro,"Heh heh heh. You shouldn’t be so quick to reject my plans, Christina. You don’t understand the intricacies of the human psyche. Now that you’ve rejected my plan, there’s no way I’m not going through with it! You have underestimated my pride!",Get over yourself.
Rintaro,"Besides, Christina, you and she are enemies, are you not? You protect her from me while plotting her demise? That makes you a hypocrite!","You just don’t have standards, that’s all."
Mayuri,Suzu-san’s really nice. I’m sure you’ll get along with her too!,Nice?
Rintaro,"Anyway, I’m going to tail her now. You guys--",No! Get it through your thick skull!
Rintaro,"Dammit, assistant! How dare you give me orders!?",Don’t even think about running off somewhere. Anyway... I hope Amane-san finds her father.
Rintaro,Yeah.,"That would be... nice. Hey, Okabe... I’m sorry about before."
Rintaro,Before?,"When I hit you with my book. I thought you were just being a pervert. But when I thought about it later, I realized that you were being completely serious. But I acted on impulse, without even considering what you had to say."
Rintaro,"Forget it. Regardless of my intentions, the fact of the matter is that I made Lukako cry.","Just to make sure, you’re not a perverted scumbag, are you?"
Rintaro,"Make sure, my ass! Are you trying to apologize or what!?","I just don’t want to you to use science as an excuse to be a pervert. Not while I’m helping, at least."
Rintaro,"What do you take me for? My friends are precious to me. I may be an insane mad scientist with an IQ of 170, but even I have my limits. The PhoneWave (name subject to change) wouldn’t have come this far without you and Daru at my side.",Okabe...
Rintaro,"I am Lab Mem 001, the founder of the lab. If my friends are in danger, I’ll rush to their aid. And I would tear my own limbs off before I knowingly brought harm to any of you.",Pff...
Rintaro,What’s so funny?,That has to be the cheesiest thing you’ve ever said.
Rintaro,Hmph...,"Still, it’s nice to hear. The research institute I work at in America is full of talented people from all over the world... but it’s not a friendly place. Everyone thinks he or she is the best. You think you have an ego? Over there, scientists hurl insults at each other on a daily basis. Sometimes they even sabotage each other’s work. When my thesis was chosen to represent the lab, many of the older men complained. And when I came back here as a kind of reverse exchange student, my classmates were all too afraid to talk to me. Compared to that, your lab is childish... but comfortable. You’re really concerned about Amane-san, aren’t you? That part of you, I can respect. B-but I’m not praising you, okay? I just... you know... thought you should know..."
Rintaro,Maybe I...,Eh?
Rintaro,Maybe all I ever wanted was friends.,Okabe...
Rintaro,There aren’t many people I can trust...,"I, um... think of you as a friend too."
Rintaro,...What?,"You said I was your friend, remember? You said I was important to you. That made me really... happy, I guess."
Rintaro,Do you have a fever?,"No! What the hell!? Here I am trying to find something decent about you, and you... I don’t care anymore, stupid! You’re really... stupid. Huh? Over there, isn’t that..."
Itaru,What about Faris-tan? Where is she?,You’ve been tricked.
Itaru,You’ve gotta be kidding me! I was looking forward to that time machine meet...,Time machine meet? What’s that?
Rintaro,What? Why didn’t you say so? I would’ve gone too! ...Does anyone else smell that?,Smell what?
Luka,S-sorry... That’s probably the smell of... Mayuri’s cooking...,I’ll help too.
Luka,"Okay, then warm these eggs please.",Hm. Should I use the PhoneWave?
Luka,"N-no! If you put raw eggs in a microwave, they’ll explode!","We took the door off. It should be fine, right?"
Luka,But...,Tell us what happened.
Luka,O-Okabe-san? What’s wrong? Are you okay?,His brain is probably oxygen-starved from too much running.
Rintaro,"Heh, look at you all! Why the long faces, friends!? Have you forgotten? We have just the thing for moments like these!",You’re going to send a D-Mail?
Rintaro,"According to the top secret documents we found, the LHC was intended to create black holes from the very beginning.",Okabe.
Rintaro,What’s wrong?,I figured it out. I think I know how the PhoneWave works.
Rintaro,Really!?,Keep in mind that this is just a hypothesis based on what we’ve observed. It’s closely related to what you guys were just talking about -- the LHC.
Rintaro,"I believe it was you, Christina, who called the LHC the world’s largest microwave. ","Yes. Exactly. My hunch was right. You’ve created a monster, Okabe. It doesn’t belong in some amateur lab. And before you take that as an endorsement of your abilities, I mean it in a bad way."
Rintaro,Give me details.,"Did you know that the microwave oven was invented as a byproduct of radar research? Microwaves are electromagnetic waves with a frequency of 2.45 gigahertz. The PhoneWave is commercial grade, so its output is around 1500-2000 watts. Here’s the important part."
Rintaro,"According to Daru’s blueprints, the microwave and the phone are made to send out shared electromagnetic waves by taking their leads... And hardwiring each of them to the magnetron’s cathode and anode.","Both devices use electromagnetic waves. I’m not a specialist, though, so I can’t examine the extent or magnitude of the influence that fusion has... But hypothetically, if the cellphone were to become a stepping stone, scattering the military-grade electromagnetic waves over a vast range of hundreds of kilometers-- Then not just Akihabara, but all of Tokyo would turn into the inside of a microwave oven. Taking into account slight variance due to body weight, the average time until death for the people inside would be-- Three minutes."
Itaru,"Seriously? Then the PhoneWave’s a weapon of mass destruction, isn’t it!?","Let me tell you what happens inside the PhoneWave. The air inside the oven is full of invisible hydrogen atoms. First, it bombards the atoms with microwaves to increase their energy potential. This is the normal function of a microwave oven. But when you add the electromagnetic waves from the phone... The harmonics trigger a chain reaction. The particles collide repeatedly at near light-speed, gaining mass and energy each time. In other words, it becomes a sort of particle accelerator."
Rintaro,"A particle accelerator!? So, if the LHC was created to generate mini black holes-- Then the PhoneWave (name subject to change) must also produce mini black holes!","”It’s a miracle that thing has been so stable.” But there’s still one thing I don’t understand. Even if it does produce mini black holes, they should evaporate instantly. But that’s not what happens in the PhoneWave. The gelification phenomenon proves that. Just like in the LHC, our mini black holes are turning into Kerr black holes."
Rintaro,"According to Titor, you have to inject electrons to produce the Kerr black hole effect.",Where do the injected electrons come from? That’s what I don’t understand. The LHC uses something called a lifter to inject electrons into the black hole and control the gravitational field. Something is filling that role inside the PhoneWave.
Itaru,S-something?,"Like I said, I don’t know what."
Mayuri,Had drawn?,It’s the name of an elementary particle.
Rintaro,"And that, my fellow lab members, brings us to the question. Can the PhoneWave (name subject to change) beat SERN to true physical time travel?","Two problems. One, setting the destination. Two, the lifter."
Rintaro,We’ve already established that the D-Mail arrives precisely when and where it’s supposed to.,...It’s dangerous to accept that without verification.
Rintaro,"As for the lifter, we already know it exists. We just need to figure out what it is.","I don’t think we’re going to find it. The PhoneWave’s not exactly big, you know, and we’ve been poking at it for days without turning up a clue. Even if we do find it, it’ll take forever to learn how to tune the electron feed properly."
Itaru,How long is forever?,SERN’s been working on it for nine years and they still haven’t solved it.
Rintaro,Hmm... I thought it was a good idea...,"Of course... If it works, then maybe... Maybe we can do it!"
Rintaro,Are you serious?,"The data compression part, at least, is easy. We can just use the black holes created by the LHC, since black holes compress everything they swallow. Compression won’t harm data like it would harm a human. As long as we’re just sending data, there’s nothing to worry about."
Rintaro,How do you plan to convert humans into data?,"You know that my thesis got published, right?"
Rintaro,This is no time to flaunt your accomplishments.,Have you read it?
Itaru,I’ve got scans if you want to read it.,The title of my thesis is... ’Analysis of Memory-Related Nerve Impulses in the Temporal Lobe’
Rintaro,"No, wait. This can’t be right. This title sounds like, um, neuroscience, not physics.",I’m a neuroscientist. Got a problem?
Rintaro,"No, forget about that. How is this related to time travel?","Converting an entire human to data is impossible. But converting a human’s memories may be possible! Imagine a chest of drawers. Each drawer is filled with tiny boxes, and inside each box is another bunch of tiny boxes. You keep opening boxes until you find the memory you’re looking for. Now, before you ask how this relates to time travel, there’s one more thing I need to explain. Several years ago, my lab -- the Neurophysiology Lab at Victor Condoria University -- developed a technology called Visual Rebuilding, or VR for short. ”Put simply, it enables conversion of video data into nerve impulse signals.” Used in reverse, it can also convert nerve impulses into video data, or any other kind of electronic data. So, if we combine VR technology with my research... do you see where I’m going?"
Rintaro,We can convert memories into data?,"Not just that. Memory transplantation, backups, external storage... all of those things become possible."
Mayuri,What does that mean?,"We can send our memories back in time. In order to differentiate it from physical time travel, let’s call it a ’time leap’ for now. You don’t go back, just your memories. It’s so crazy that nobody’s thought of it before. The important thing to remember is that only memories are being transferred. Personality and consciousness aren’t included."
Rintaro,What does that mean? How is it different from what you see in sci-fi novels?,"Time leaping in sci-fi usually sends everything -- consciousness, personality, and memory. But in real life, there’s probably too much data, and besides, we only analyzed memories. Think of consciousness, personality, and memory as separate things. Memories are like the video data stored on your computer. And consciousness and personality are like the OS."
Itaru,But videos can take up way more space than the OS.,"It’s just an example. For starters, it’s still not clear where personality and consciousness are located, or how they are constructed. So we can’t convert them into data. Or at least, I can’t."
Rintaro,So we can only send memories. Where does that leave us?,"Your memories aren’t the only thing that define you. Even if you send your memories to the past, it will be the receiving you’s consciousness and personality that process them."
Itaru,"So in Mindorz terms, it’s like copying data from a VISTA computer to a Min95 computer?","Data created with the latest OS might not work on an older OS. It might cause errors. For example, if you sent your current memories to yourself in elementary school, the gap between your memories and your body could have serious consequences."
Rintaro,"Anyway, is it correct to assume that we’ll be targeting ourselves in the past?","Just like with D-Mail, we’re using cellphones as the transfer medium. To be precise, you can only leap into your own body, and only if you had a cellphone at the time of reception. If you try sending memories to someone else... umm, how do I put this... there’s a danger that the electrical signals might be rejected."
Itaru,"Wouldn’t want to jump into someone else’s body. I mean, unless it’s the body of a cute girl. Uhehe!","Don’t ’uhehe’ me, you idiot! If it just bounces off, that’s fine, but I’m worried incompatible memory data might do serious damage to the recipient’s psyche. I don’t know what might happen. No one’s done it before, after all. There are two things I do know. One, you definitely cannot go back before you were born; and two, you won’t exist in two places at once. That means you don’t have to worry about causing a paradox. You can’t kill your parents before you were born."
Rintaro,"So the phones act like black and white holes... Heh... heh heh heh... MUHAHAHA! It’s me. Everything is falling into place. The plan can now proceed to the final stage. I’m talking about Operation Verthandi, obviously. Heh. Christina had me fooled. I never knew she was capable of this. It must have been the choice of Steins Gate that sent her here. Don’t worry. I have everything under control. Nothing can stop us now. El Psy Kongroo. Were you listening? Good. Commence preparations for Operation Verthandi!","First, explain what that is!"
Rintaro,"We’re going to build your time leap machine, Christina. And you’d better not say it can’t be done! Not after showing me the way!","Well, this is Akihabara. I should be able to find the parts I need."
Rintaro,"Then it’s decided. I’m placing you in charge of this operation. Whatever you need, ask, and it shall be yours. Together, we shall complete the first time leap machine in human history! What are you doing?","Thinking about the time leap machine. I know we can make it, but I’m wondering what will happen if we actually use it."
Rintaro,"Ah. You’re thinking too hard. Finish the machine, then worry about it.","You’re so pompous. ... Hey, Okabe... Can I talk to you about something completely unrelated?"
Rintaro,I’d rather talk about something related.,You told me before that I could ask you anything. Remember? I think... my father hates me.
Rintaro,Very well. Speak!,Heh... you really are pompous.
Rintaro,I assume it was your father on the phone the other day?,"...Yeah. I don’t remember the last time he had a kind word for me. Even when we were living together, before I went to America, he acted like I wasn’t there. We’re supposed to be family, aren’t we?"
Rintaro,And you? How did you treat your father?,"I was daddy’s little girl growing up. You practically had to drag me away from him. My father’s a physicist. Even as a child, I loved to hear him talk about science. I couldn’t understand a word of it, but I always begged him to explain. I wanted to understand his work, so I started studying physics. I must have been five. Thanks to that, I always got perfect grades in math. I ignored all the other subjects, though, so my grades were a little skewed. I even read my father’s papers. I was a little girl trying to comprehend theoretical physics, but I gave it everything I had. I needed to understand. By sixth grade, I had learned enough that I could discuss my father’s theories with him. I was so happy that I could talk to my father on his level, you know? We used to argue all night long. And then I started winning those arguments. All of them."
Rintaro,Yeah. I can definitely see how that would make him hate you.,You really think that’s why?
Rintaro,I’m absolutely certain that’s why.,"I guess he did have a lot of pride. Anyway, one day, he suddenly stopped talking to me altogether. Then he started fighting with my mom, and finally he stopped coming home. I really loved my dad, so it was a big shock. I felt it was my fault things turned out that way. I couldn’t go to school, I was so depressed. And then Mom recommended I study abroad."
Rintaro,"You were just too talented for your own good. So, how do you feel about your father now?",I don’t know...
Rintaro,"He’s in Japan, right? Have you seen him at all?","No... he doesn’t want to see me. That’s what we were talking about on the phone. I asked if we could meet, but he told me to stay away from him. Even if we did meet, I wouldn’t know what to say... I tried to talk to him before I left, you know? I tried so hard, but he just ignored me. It hurts. Whenever I think about going to see him, I remember those times. I worry he’ll ignore me again, and then I can’t do anything. Sniff..."
Rintaro,Are you crying?,"J-just a little, okay?"
Rintaro,You want to reconcile with your father. Correct?,I don’t know...
Rintaro,"If you didn’t, then you wouldn’t have confided in me. And you wouldn’t be crying, would you?",True...
Rintaro,"Just be straight with him. Say ’I love you, Dad. Let’s make up.’",I think that’s a little out of character for me.
Rintaro,It’s your father. Stop acting like a weak little girl.,I’m not acting like a little girl!
Rintaro,"Yes, you are. You’ll never reconcile with him like that. You need to speak from the heart, give it to him straight. It’s the only way to get your message across. You can’t sugarcoat it. If that doesn’t work, nothing will. Then you’ll just have to hope that time heals the rift between you.",And how long will that take?
Rintaro,"How should I know? I’m only a year older than you, remember? How long has it been since you went to America?",Umm... seven years.
Rintaro,"If nothing has changed in seven years, then maybe it will take twice that much time.",I... guess you’re right.
Rintaro,Well? When are you going to see him?,...Huh?
Rintaro,I assume it’ll be during summer break. Make sure you let me know ahead of time.,Wha-wha-wha-what are you talking about!?
Rintaro,I might have plans. I’ll need to shift my schedule around.,Hold on a second! Don’t tell me you plan on coming along!?
Rintaro,"Of course I do. You are my assistant, and I will do whatever it takes to ensure that you are in peak mental condition for the experiment.","... Ok, you’ve had your fun. I’m in no mood for--"
Rintaro,"I’ll go anywhere you want -- anywhere in Japan. I’d go anywhere in the world, but I don’t have a passport or money.",Okabe...
Rintaro,"You’re afraid you won’t know what to say, right?",Yeah...
Rintaro,Then that settles it. I am a master of conversation. You will have nothing to fear with Hououin Kyouma at your side!,...pfft!
Rintaro,Why are you laughing!?,You couldn’t hold a normal conversation if your life depended on it.
Rintaro,Ah...,"But... thanks anyway. I definitely didn’t expect you to offer to come... N-not that I’m happy about it or anything! I hate how you act like a nice guy sometimes! It’s confusing! Um, Okabe? That offer... I can take you up on it, right?"
Rintaro,Of course.,"Then, once we’re done upgrading the PhoneWave... I want you to come with me."
Rintaro,"As you wish. Where is your father, anyway?",Aomori.
Rintaro,Aomori!?,"That’s where he lives now. What? You’re not going to back out, are you? You already promised. I’m taking you whether you like it or not, okay!?"
Mayuri,Whaaah? Now Okarin’s acting weird! Mayushii’s worried...,Ah... H-hey! Think you could knock!?
Rintaro,"This isn’t your room. Besides, I’d have to be a fool to knock. There could be assassins lying in ambush.",Assassins? Here? Are you stupid?
Rintaro,"Anyway, Christina. What were you looking at just now, hmm?",I was... doing research! S-stay back!
Rintaro,...pfft!,"Hey! What’s with that ’this is awful, rofl rofl’ laughter!?"
Rintaro,"Have no fear, Christina. Or should I call you... @channeler Chris!",Don’t call me that!
Rintaro,"Heh heh heh, I already knew. That’s right! I realized long ago that you were an @channeler! You can’t hide it from me. You reek of @channel corruption!",How rude! I make sure to apply light perfume every day!
Rintaro,Fool. That’s not what I meant. I’m talking about the scent of your soul.,My soul? What’s that supposed to mean? Explain.
Rintaro,Why? So you can learn how to hide it?,Sh-shut up! Just explain already.
Rintaro,There’s nothing to explain. You use @channel memes in conversation. I’d have to be stupid not to notice.,"...Feels bad, man."
Rintaro,That’s an @channel meme too.,Ugh...
Rintaro,"Your soul is tainted with the essence of @channel. You cannot hide it, not in such close proximity to another who uses @channel memes in actual conversation. Your souls resonate.",That’s it! It’s all Hashida’s fault!
Rintaro,"But it’s cute how you try to hide it, @channeler Chris.",DON’T CALL ME THAT.
Rintaro,"But I don’t understand. You were raised in America, so how are you so familiar with @channel?",You can browse @channel from America. Need I say more?
Rintaro,"Ahh, I get it. Living in an English-only environment made you hungry for Japanese. But did you have to resort to @channel?","Sure, it’s not the friendliest place, but I couldn’t find anywhere that felt more ’Japanese’. Anyway, can I ask a favor?"
Rintaro,"What is it? If you have something to say, say it.",Don’t tell anyone else about this.
Rintaro,"What difference does it make? Daru’s the most hardcore @channeler who ever lived, and Mayuri’s an otaku too. Even I browse @channel regularly. There’s nothing to be ashamed of! Just boldly write ’Hobbies: Browsing @channel’ on your resume!","Not a chance, you idiot!"
Rintaro,What!? You mean you’d rather post anchors on VIP!?,"Gh, I hate myself for understanding those words!"
Rintaro,"Well, whatever. If it will help you focus on the time leap machine, I’ll keep your secret for now. Besides, it’s just a matter of time before you make another mistake and reveal your true colors.","You don’t have to worry about me. Remember that I represented my entire laboratory when we presented our research, even though there were men twice my age on the project. I’m an expert at dealing with people. I’ll have no trouble keeping it a secret."
Rintaro,...Nullpo.,Gah! No...!
Rintaro,"I’m surprised your parents let you stay. It must be my overwhelming charisma... No, wait, that makes me sound like a good person, so that can’t be it... Of course! Mayuri’s parents are so afraid of my insanity that they sent me their only daughter as a hostage!",Reported. What would you do if I called the cops on you?
Rintaro,"I unleash my right arm on traitors, Christina.","Yeah, yeah, chuunibyou, whatever."
Mayuri,"Um, I told Mom and Dad that Chris-chan would be here. Then they said okay.","Wait, so I have to stay too?"
Mayuri,Yup♪ Don’t you have to work on the PhoneWave?,"I guess... but I don’t relish the thought of spending the night here. At least, not with a certain somebody around."
Rintaro,"Environment matters, Christina. This is a place of science and research, so you should have no trouble concentrating on your work. Trust the great Hououin Kyouma. Also, it may surprise you to learn that I have equipped this lab with a system that stimulates brain function. So if you were wondering where my incredible genius comes from, now you know! It’s because I sleep in this room every night!",This stimulation system of yours... I assume it’s been dumping toxic waste in your brain?
Mayuri,"Ah, Mayushii knows! You’re talking about that, right?",This... air freshener?
Rintaro,...About six months ago. It was on sale for 500 yen.,"I’m starting to think even you don’t believe the stuff you say. And besides, this air freshener is empty. Well, whatever. I was planning to stay either way. I’ll join you, Mayuri-san."
Mayuri,Really? That’s great!,On one condition. Okabe leaves.
Rintaro,"Me, leave? I practically live here! This lab was promised to me by Steins Gate. It’s the dwelling place of my soul!","We girls are staying here overnight, so you filthy boys need to show respect. Your home isn’t even far from here, right?"
Mayuri,"Okarin lives close to Mayushii, in Ikebukuro.","Why, that’s less than 30 minutes by train. Anyway, I’m not going to need your help tonight, so just go home like a good boy, okay?"
Rintaro,But I refuse.,What? Are you planning to molest us!?
Rintaro,"Shut up, Mongolian Spot!","I don’t have a Mongolian Spot! And when did you see my butt, anyway!?"
Rintaro,"I’ll be 20 in less than a year and a half. In other words, Steins Gate has decided that I am an adult.",I’m pretty sure that makes you a minor just like us.
Mayuri,"Um, Chris-chan? I don’t think Okarin would do anything bad. I mean, we’ve been together for more than ten years, and he hasn’t molested me once.","But he took you hostage, didn’t he?"
Mayuri,"Yup♪ Actually, I’m still his hostage.",We should kick him out of the room.
Rintaro,"Haa... You disappoint me, Christina. This lab is a place of science. We are above such petty concerns as sex. If you must speak of these vulgarities, then I’ll have to ask you and your Mongolian Spot to leave! Ah. So Christina really does have a birthmark on her bu--",NO!
Rintaro,Is everyone okay!?,Kyaaa! What are you doing!?
Rintaro,Phew. You’re still alive. Don’t scare me like that. What are you guys doing packed into that tiny shower anyway?,"Get out, you perv!"
Mayuri,Mayushii’s sad... I feel kinda dirty....,You’re gonna regret this! I’ll never forgive you!
Rintaro,"It’s me. We have a problem. I’m under attack from the Mongolian Spot and Ditzy sisters. They’re going directly after my sanity, a bold move against the insane mad scientist Hououin Kyouma. This is the strongest offensive I’ve encountered so far. I realize now that vulnerability itself can be a powerful weapon. They’re pulling out all the stops, and I don’t think my pants can take it. Give in to the temptation? Nonsense. I could never do that. They’re fellow lab members, my loyal assistant and my childhood friend. ...Must I? Is it truly the will of Steins Gate that I give in? That I raise my hand against my closest companions? If so... then how cruel the fates be! El... Psy... Kongroo!","For the final adjustments, we need to use the PhoneWave."
Itaru,"It’s up to you, Okarin.",Take care of it.
Rintaro,"In other words, you’re sending me to die.",Your sacrifice will allow us to complete the time leap machine.
Rintaro,Well maybe it’s time for you to put your lives on the line.,I can’t. That girl who works there hates me.
Mayuri,Okarin! The building just shook. Are you okay?,Looks like you really are unkillable.
Rintaro,"Heh heh heh. I have seen the future, Christina. In three minutes, you will be on your knees praising my greatness!",I don’t think so. How could you miss something so obvious?
Rintaro,Why are you blaming me?,"...I’m not blaming you. I’m just disappointed that nobody, including myself, noticed."
Rintaro,"To summarize... Just now, when the PhoneWave (name subject to change) shook the building, the 42-inch CRT was on. But when Mister Braun turned the TV off, the shaking stopped immediately.",The discharge was interrupted. I put a banana in just to be sure. Nothing happened.
Mayuri,I’m glad. We shouldn’t waste food.,We’ve found the answer. The electrons emitted by the 42-inch CRT are holding the PhoneWave’s black hole open. And the discharge phenomenon is the result.
Rintaro,But how can a cathode ray tube emit such a strong electron stream?,"It’s not about having a strong electron stream. If stronger were better, SERN would’ve solved the lifter problem long ago. Somehow, the conditions here were perfect to create a time machine. Frankly, it’s a miracle."
Rintaro,"No, Christina! Not a miracle! This is the choice of Steins Gate!","Whatever it is, it worked."
Mayuri,"Umm... So, um, what do we have to do to complete Super PhoneWave-chan?","Now that we’ve found the cause, there’s nothing left to hold us back. We can safely conclude that time leaping is possible when, and only when, that television is on."
Itaru,"We should probably test it, right? And there’s still the final check of the PhoneWave to do.",You’re right. Okabe.
Rintaro,What?,Go downstairs and turn that TV back on.
Rintaro,"Ha. Ha. Ha. That’s hilarious, Christina. Allow me to dub that... Mission: Impossible!","Whatever. Just go already. If anyone can do it, it’s you. You made an amazing discovery just now, didn’t you?"
Rintaro,Assistant mine... have you finally recognized my greatness as a mad scientist?,No.
Itaru,Damn. That was harsh.,"Oh, whoops. I was supposed to flatter him so he’d feel like going, right? Yes, you’re an amazing mad scientist."
Rintaro,It’s too late!,"Anyway, now that we’ve found the lifter, the time leap machine is 99% complete. It’s your dream, isn’t it? To invent a time machine."
Rintaro,"I will become the undisputed lord of time. With that power, I will shatter the System and Chaos will rule the--",Okabe. I wasn’t asking Hououin Kyouma. I was asking Okabe.
Itaru,I got a fwapp!,"Stop it already, perv."
Mayuri,Yup. I finished before Chris-chan. We were racing.,"You win, Mayuri. Congratulations. Actually, I’m just about finished too. Done."
Itaru,"Man, I’m tired... I want Faris-tan to comfort me...",We may have created a monster here...
Mayuri,Silly Hat PhoneWave-chan.,You guys have too much free time.
Rintaro,Does that mean you’re abstaining from the vote?,...Time Leap Machine.
Itaru,That’s terrible.,"C-come on! Simple is best, right? I mean, that’s what Okabe’s been calling it for the past two days."
Rintaro,Looks like my assistant has zero naming sense.,I don’t want to hear that from a chuunibyou headcase like you.
Itaru,Oh-ho! So Makise-shi knows the word chuunibyou... I sense your otaku level is quite high.,I... heard it from a friend. I have no idea where it comes from!
Itaru,Somehow I knew she’d say that.,"Like I said, simple is best. Mayuri gets it."
Rintaro,Very well. Time Leap Machine it is. Assistant! Explain for us all how the Time Leap Machine works.,"In short, this device converts memories to data and sends them to the past. Let’s begin with what we all know. By freak coincidence, the PhoneWave is able to produce ring singularities, much like John Titor’s time machine. Through the ring singularity, we are able to send up to 36 bytes of data to the past. The signal can only be received by phones. While that does limit the range of effect, it also removes an element of uncertainty from the equation. Unlike D-Mails, memory data is sent in the form of a phone call, so we will be using a phone number, not an email address, to set the destination. The ring singularity is made naked and stable by a device known as a lifter. In our case, that’s the 42-inch CRT downstairs. The PhoneWave now has headgear attached. This headgear records the nerve impulses in the temporal lobe of the brain -- specifically, the CA3 region of the hippocampus, where memories are stored. Then, using VR technology, we encode the nerve impulses into electrical signal data."
Itaru,It comes out to approximately 3.24 terabytes.,"By the way, we’ll set it up so that the data decodes automatically after a certain amount of time. Anybody well versed in programming can do this. I had Hashida make the code. Anyway, next we send the memory data through the net to the LHC in France."
Itaru,We have 64 direct lines in parallel. So if we send it in 64 parts... It should upload in about 45 seconds.,"Next, we hijack the LHC, create a mini black hole, and use that black hole’s supergravity to compress the data into 36 bytes."
Itaru,"It’s practically instantaneous. 23 milliseconds or thereabouts. We’re using a black hole, after all.","By the way, the compression only holds in the immediate vicinity of the black hole. Once the data leaves that area, it will begin to decompress on its own. This, too, takes 23 milliseconds."
Rintaro,"Continue, Christina.","While the data is being compressed, we use the PhoneWave to generate a Kerr ring singularity. When the electron discharge phenomenon occurs, we take the 36-byte data, patch it in... And send it to the past. This part is just like a D-Mail. The data travels to the specified time, where it arrives at the recipient’s phone. By now, 23 milliseconds should have passed, so the data will be fully decompressed. Next, the decoding program runs, converting the data back into nerve impulse signals. These signals are discharged from the phone’s earpiece at approximately 0.02 amperes, a pretty weak charge. If the recipient has the phone to his ear, they should go straight into his brain."
Rintaro,Assuming he answers his phone.,"If he doesn’t, the transfer fails. Fortunately, we lose nothing but that copy of the memory data."
Rintaro,Why a phone call instead of an email?,"Because we need the recipient to put the phone to his ear. Otherwise the signals won’t reach his temporal lobe. In this area you have the frontal lobe and temporal lobe of the brain. As I explained before, the hippocampus, where memories are stored, is inside the temporal lobe. The phone sends out electrical impulses that pass through the temporal lobe and into the hippocampus, overwriting the recipient’s memories. At the same time, the phone sends impulses that stimulate the frontal lobe as well. This is important. Remember that the frontal lobe is responsible for sending retrieval signals to the temporal lobe. This is how you remember things. By stimulating the frontal lobe, we force it to send retrieval signals keyed to the new memory data. Thus, the recipient recalls all of those memories as if they were his own. Which, of course, they are, or will be in the future. This happens in less than a second. Now the recipient has the same memories as the sender. The time leap is complete. If the data came from one week in the future, the recipient will ’remember’ that week as if he experienced it firsthand. We need to be aware that consciousness and personality aren’t transferred. Both of those depend on the recipient."
Itaru,Explain it with boobs.,B-boobs!?
Itaru,What? That sucks.,"Ahem. Um, since you need a phone to receive the signal, you can only send memories to the times you had one. We also need to make sure that the sender and recipient are the same person. If someone besides your past self -- your parents, or a friend, for instance -- answers the phone, then the nerve impulse signals will be projected into their brain instead. If that happens, your memories could overwrite theirs, which could obviously cause serious damage to their psyche."
Rintaro,"The Time Leap Machine, of course. What do we do with it?","... It’s too much for us to handle, that’s for sure. The safest thing would be to hand it over to the government for professional research."
Mayuri,"Oh, right. Ehehe!","What about you, Okabe? And I mean you, not Hououin Kyouma."
Rintaro,I want to experiment. But there are still questions we need to answer. ...Who will time leap?,...It’s hard to choose.
Rintaro,"What if there’s an error somewhere, and the data itself gets fractalized? Let’s say I send my memories an hour into the past. My memories would be replaced by fractalized data. In other words, data full of tiny holes. Couldn’t that cause memory loss?",...I suppose.
Rintaro,"One hour later, we arrive once again at the present. At that time, the me who lost his memories an hour ago and the current me conflict in my brain. Which data set survives?","...Logically, the present should change as soon as you send your memories to the past."
Rintaro,"So then it’s not a copy-paste at all, is it?",I don’t know. No one’s ever experienced time travel before.
Rintaro,"When we send a D-Mail, the world is reconstructed based on the change we made to the past.","We don’t know what happens when you time leap. If it’s the many-worlds interpretation like Titor said, then the instant you time leap, it creates two possibilities -- one where you shift to another worldline, and one where you travel back in time on the same worldline. Of course, there must also be a worldline where the current you doesn’t disappear. That would likely correspond to the present that we are experiencing right now."
Rintaro,I thought you didn’t believe what Titor had to say.,"I’m talking hypothetically. Titor doesn’t matter right now. If it’s the Copenhagen interpretation, then every possible state propagates through space as a wave function. When a particular state is observed, the remaining states collapse and that state is fixed."
Rintaro,"Not necessarily. It might be me. It might be someone else. It could even be God. In the end, we arrive at the question of ’where is the self?’","This Time Leap Machine only sends memories. That, I guarantee."
Itaru,I’m getting confused. It sounds like we’re talking about the soul. Isn’t that a religious question?,Wait. You guys are misunderstanding something. One hour isn’t enough time for your personality to change. You should be the same person one hour ago that you are now. The only difference is that you’ll have an extra hour’s worth of memories.
Rintaro,How can you be sure?,"...Well, I can’t. Nobody’s tried it before."
Mayuri,"So, which is it?","We don’t know. We can argue the theories all we want, but in the end, we can only guess. This experiment may end up shattering preconceptions scientists and philosophers have held for centuries."
Mayuri,"Hey... Um, I have an idea... Why don’t we make a banana time leap instead?",Oh Mayuri... Bananas don’t have brains like people do.
Rintaro,Are you upset?,Upset?
Rintaro,About our decision not to attempt a Time Leap experiment.,"No, I’m not upset. ’Humans are temporal beings.’ That’s a Heidegger quote. I was actually relieved when you made the decision not to use the machine. If you hadn’t been there, I might not have been able to stop myself. Thank you. Uh, what are you doing?"
Rintaro,You’re talking like an assistant for a change. I thought you might have a fever.,"I’m not grateful to you or anything, okay!? Anyway. That ’thank you’ was just a formality. Don’t get me wrong, okay?"
Rintaro,"Of course. I only did what I had to. I am the founder of the Future Gadget Lab, Hououin Kyouma. My first priority is to protect the welfare of my lab mems. So I have no need for your thanks.",And yet you always talk about plunging the world into chaos.
Rintaro,"You are my allies, and the world is my enemy.",I’m speechless. You’re too self-righteous.
Rintaro,"You say ’speechless,’ yet you’re speaking?","Don’t argue semantics. Oh yeah, I forgot to get a plane ticket. I got too caught up in improving the PhoneWave."
Rintaro,"Going public with the Time Leap Machine will send the world into an uproar. We also plan to expose SERN, remember? You may not be able to go back to America for some time.",I guess you’re right. I should call Mama and let her know.
Mayuri,And Luka-chan seemed embarrassed for some reason.,Maybe she thinks you’ll make her wear a costume again.
Mayuri,"She said it was embarrassing. I keep telling her ’Cuteness is Justice’, but she never listens.",’Cuteness is Justice’... is that what they say?
Mayuri,"You’re cute too, Chris-chan!",Hah? Eh?
Mayuri,"Hey, ComiMa’s coming up. Wanna go? I can’t make something new, but I have a costume of Post-Awakening Seira from Blood Tune I made last year. I think the size is just right for Chris-chan too.","Me, cosplay? I’m sorta interested. But I refuse to do it in public, though."
Mayuri,"You don’t have to show anyone, but eventually, you’ll want them to see. The cosplay demon compels you! That reminds me. Chris-chan, you’re always wearing that cute uniform. What school is it from?","Oh, this? I attended Ayamein for about two weeks. I modeled this outfit after their uniform."
Mayuri,"Oh! Their uniform is really cute, but you made it even cuter! You might have really good design sense♪ I’ll bring the costume tomorrow, okay? Will you try it on then?",Sure.
Itaru,When’s the photo shoot?,"Good to know you’re still a pervert, Hashida."
Itaru,"Come on, it’s Blood Tune’s Seira! She’s got ’panmoro’ going on!",Panmoro?
Itaru,It means her panties are completely exposed!,N-no way...
Mayuri,"It’s okay♪ You might not know this, but last year, there was a really popular saying. ’They’re not panties, so it’s not embarrassing!’","It’s plenty embarrassing, trust me!"
Suzuha,Maybe you shouldn’t bother. You’re asking for trouble by trusting Makise Kurisu.,What’s that supposed to mean? I’ve been meaning to ask. Did I do something to you?
Suzuha,Not to me. But I know everything you have done.,What do you mean? I’ve done nothing to be guilty of.
Suzuha,Perhaps. But I know your true nature.,"Wow, you can see into my heart? That’s groundbreaking technology. I’d love to hear how it works."
Suzuha,It’s not science. It’s... a prediction.,So you’re just making it up.
Rintaro,"Heh... this looks like a job for the one and only Hououin Kyouma. Break it up, you two! I, Hououin Kyouma, shall decide this dispute! Assistant! I didn’t raise you this way.",You didn’t raise me at all.
Rintaro,"If you want to become a true mad scientist, you must learn to keep your emotions in check even as you cackle your way to victory!",Nobody asked you. And I’m already a scientist.
Rintaro,Wha--,"Oh? What’s this about, Okabe?"
Suzuha,Okay. I just remembered I’ve got something to do. I’m going out.,What’s wrong with her? We may have created a monster here...
Moeka,"You can’t refuse. You have nowhere to run. We have men stationed throughout Akihabara. I don’t want to hurt anyone. The three of you, come with us.",Why... Why just the three of us?
Mayuri,Okarin!,Mayuri! No!
Rintaro,...Mayuri?,No... no!
Rintaro,Ah... AAAHHHHHHHHHHHHHHHHHHH!,Okabe! You can’t!
Rintaro,Let me go! Let me go!,You can’t! They’ll kill you!
Moeka,If you resist.,"Please, Okabe, do what she says. Okay? Otherwise, they’ll kill you too. No!"
Moeka,...Tch.,Okabe...
Rintaro,I’m going back!,No! I should be the one to--
Rintaro,I will save Mayuri!,But what if it fails!?
Moeka,Kill them!,Augh!
Rintaro,Kurisu!?,"Ugh, gh, Okabe!! Are you sure!? Are you sure about this!? Really!?"
Rintaro,"AHHHHHHHHHHH! Aagh, ahhhh!! Ah! ... Ahhh... ... ...ckhaah, haahh, haahh, hah...",Okabe? Are you listening? What was all that screaming for? Are you sick?
Rintaro,"... ...No, I’m fine.","Then get ready to go already. We’re going shopping, remember?"
Rintaro,...Shopping?,’Humans are temporal beings.’
Mayuri,But now you’re fine.,Are you sure about this!? Really!?
Rintaro,Ah... ah...,You’ll remember the future.
Rintaro,Where am I?,Huh?
Rintaro,What time is it now!? What month? What day!?,"Hey, that hurts! Calm down!"
Mayuri,And Luka-chan seemed embarrassed for some reason.,Maybe she thinks you’ll make her wear a costume again.
Mayuri,"She said it was embarrassing. I keep telling her ’Cuteness is Justice’, but she never listens...",’Cuteness is Justice’... is that what they say?
Mayuri,"You’re cute too, Chris-chan!",Hah? Eh?
Mayuri,"Hey, ComiMa’s coming up. Wanna go? I can’t make something new, but I have a costume of Post-Awakening Seira from Blood Tune I made last year. I think the size is just right for you too.","Me, cosplay? I’m sorta interested. But I refuse to do it in public, though."
Mayuri,"You don’t have to show anyone, but eventually, you’ll want them to see. The cosplay demon compels you! That reminds me. Chris-chan, you’re always wearing that cute uniform. What school is it from?","Oh, this? I attended Ayamein for about two weeks. I modeled this outfit after their uniform."
Mayuri,"Oh! Their uniform is really cute, but you made it even cuter! You might have really good design sense♪ I’ll bring the costume tomorrow, okay? Will you try it on then?",Sure.
Itaru,When’s the photo shoot?,"Good to know you’re still a pervert, Hashida."
Itaru,"Come on, it’s Blood Tune’s Seira! She’s got ’panmoro’ going on!",Panmoro?
Itaru,It means her panties are completely exposed!,N-no way...
Mayuri,"It’s okay♪ You might not know this, but last year, there was a really popular saying. ’They’re not panties, so it’s not embarrassing!’",Japan is over...
Suzuha,Maybe you shouldn’t bother. You’re asking for trouble by trusting Makise Kurisu.,What’s that supposed to mean? I’ve been meaning to ask. Did I do something to you?
Suzuha,Not to me. But I know everything you have done.,What do you mean? I’ve done nothing to be guilty of.
Suzuha,Perhaps. But I know your true nature.,"Wow, you can see into my heart? That’s groundbreaking technology. I’d love to hear how it works."
Suzuha,It’s not science. It’s... a prediction.,So you’re just making it up.
Suzuha,Okay. I just remembered I’ve got something to do. I’m going out.,What’s wrong with her?
Moeka,You cannot refuse. There is nowhere to run. We have men stationed throughout Akihabara. I don’t want to hurt anyone. The three of you come with us.,Why just the three of us?
Mayuri,O...kari... ...,No... no!
Moeka,"You three come with us. Now. No more warnings. Resist, and we will kill you too.",Okabe! You can’t!
Rintaro,Let me go!,You can’t! They’ll kill you!
Moeka,If you resist.,"Please, Okabe, do what she says. Okay? Otherwise, they’ll kill you too."
Suzuha,That’s my line!,"Okabe, I--"
Rintaro,I’m going back!,But what if it fails!?
Moeka,Kill them! Don’t let them use it!,"Are you sure, Okabe!? Are you sure about this!? Really!?"
Rintaro,"Do it, Kurisu! Activate the machine! Please! Give me one more chance! Ah! ...Gh. ...It worked again.",Kya! You surprised me! Don’t startle me like that.
Rintaro,You’re a genius.,W-what’s gotten in to you? Stop manhandling me. It’s gross.
Rintaro,Mayuri! Contact me at once! Okay? At once!,Okabe? You look kind of crazy. What’s wrong?
Rintaro,Both of you get out of here. Now.,...What’s this about? Is this another one of your fantasies? Okabe! Where are you going? Hey!
Rintaro,"Of course I should. Mayuri’s dead, remember? Gah! Where’s Mayuri!?","Wha!? Don’t shout... I’ve been working all night, so let me rest a bit..."
Mayuri,Huh? Why not?,What’s all the commotion?
Itaru,"Wait, overnight? So you’re saying we should go to a love hotel and make hanky panky. I understand.","Shut it, perv. What’s going on, Okabe?"
Mayuri,Okarin! Ah!,"Stop, Okabe! What are you doing!? Are you trying to break the machine?"
Rintaro,...Christina.,What?
Rintaro,What time is it now?,"5:38. Hey. If you have time to sit around, then you can help me with the shopping. Well? Are you going to come along or not?"
Rintaro,... Kurisu.,...That’s the first time you’ve said my name properly.
Rintaro,...Help me. Help me...,Tell me what happened. I know you used the Time Leap Machine.
Rintaro,...What?,"You get a phone call, and suddenly you’re like a different person. It was obvious."
Rintaro,I came from three hours in the future.,What happened?
Rintaro,They... killed Mayuri. ...It’s all my fault. I shouldn’t have told Daru to hack SERN. I shouldn’t have asked you to build a time machine. I shouldn’t have made Moeka a lab mem. Mayuri’s death... is all my fault.,"If you know that Mayuri’s going to die, then what are you doing wasting time here?"
Rintaro,...I just don’t get it anymore.,What don’t you get?
Rintaro,How to save Mayuri.,"Based on what you said, I guess the chronology protection conjecture is true."
Rintaro,"No matter what I do, Mayuri dies.","And that’s why you keep time leaping... There’s no guarantee that the machine is safe, you know. Even if the machine works perfectly, repeated use may have serious side effects. For example, you may become disconnected from causality itself. You need to understand the risks if you’re going to continue."
Rintaro,"Disconnected from causality, meaning?","It happens all the time in sci-fi. You’ll become trapped in a closed time loop, never aging, never dying, but doomed to repeat the same day for all eternity. Worst case, you may cease to exist entirely. Every trace of your existence will vanish. Nobody will remember you, because your life will have never happened. Leaping through time is that dangerous."
Rintaro,’Humans are temporal beings.’,Heidegger. I was thinking of that quote too.
Rintaro,I heard it from you first.,When?
Rintaro,This isn’t the first time I’ve leaped.,"Right. Of course. If what you said is true, then I want to save Mayuri too. But as the co-creator of the Time Leap Machine, I can’t recommend its continued use. Will you listen to my advice?"
Rintaro,"I... I need your help. I have to save Mayuri! I can’t do it alone, but together, we might have a chance. I want... I need to believe that! Please, lend me your strength.","You’re such a stubborn fool. What you’ve been through... I’m surprised it hasn’t broken you already. I’ll help. Mayuri’s my friend, and a fellow lab mem. And besides... I don’t want to see you in such pain."
Rintaro,I’m sorry.,"Don’t apologize. Remember when I told you about my father? You really helped me out back then. Now it’s my turn to return the favor. I want to be your strength. Besides, you still have to come with me to Aomori. I know you’re going to leap no matter what I say. You are a mad scientist, after all, and mad scientists play by their own rules."
Rintaro,Yeah...,"Why do I even try? Anyway, I’m not doing this for you, okay? I’m doing it for Mayuri."
Rintaro,"Yeah, of course.","That, and I think you’ll make a good test subject."
Rintaro,Now you’re talking like SERN.,It’s completely different.
Rintaro,How so?,"I only experiment on you. Besides, mad scientists experiment on themselves all the time, don’t they?"
Rintaro,I guess...,I-it’s just a joke. Don’t take it so seriously. There’s not much time. I think you should have a clear plan before trying to change the future again.
Rintaro,Meaning?,"Leap to an even earlier time. Then explain the situation to me again. Let’s go. I understand why you can’t tell Mayuri, but why can’t you tell Hashida?"
Rintaro,I’ll tell him when it’s necessary.,They’ll throw you in the slammer for breaking and entering.
Rintaro,"In a few seconds, it won’t have happened.",I see. That’s how it looks from your perspective. What does it look like from my perspective? What happens here after you leap?
Rintaro,What’s wrong?,It’s nothing. I was just thinking.
Rintaro,Maybe it works like a D-Mail.,"That would make things easier, though I kind of hope you’re wrong."
Rintaro,Because you can’t collect data if you can’t record the change?,"Exactly. I set the destination to five hours ago. You should arrive around 1:40 PM. I completed the Time Leap Machine just after 2. Do you remember? Nobody likes a man who can’t remember dates. Be thankful that I make a habit of checking the time. I have a pretty good idea what happened when. Listen, Okabe. If you’re going to keep using the Time Leap Machine, there’s one thing you must remember. Don’t let go of your phone. Ever. It’s your lifeline. Your destination marker. As long as you keep it with you, you can leap to any time you want. But if you lose your phone... if someone else gets ahold of it... If it breaks, or the battery dies... The time leap will fail. Once again, never let go of your phone."
Rintaro,Got it.,"After you leap back to this afternoon, just sit tight and don’t do anything until I complete the Time Leap Machine. If you accidentally prevent me from completing the machine, it will likely wreak havoc with the timeline. As soon as I finish, declare that we will not experiment. Then send everyone home. Ask me to stay. Tell me the truth. If you say you came from the future, I’ll probably believe you."
Rintaro,How do you know?,"Who knows me better than myself? Don’t forget. It was my mad skillz that turned the PhoneWave into a time leap machine. When you told me about your time leap, I took it as proof that my theories were right. I was happy it succeeded. I really was. I didn’t doubt it was true for a second. Just to be safe, I should probably give you a passphrase. What I want the most right now is my own fork."
Rintaro,...What?,"It doesn’t mean anything, okay!?"
Rintaro,You want your own fork?,"I already have my own spoon... wait, that doesn’t matter! Everything’s ready! Now get out of here! Be careful. And remember... I’m always on your side."
Itaru,I got a fwapp!,"Stop it, perv."
Mayuri,Hmm... Okay! Thanks. All done♪ I finished before Chris-chan! We were racing.,"You win, Mayuri. Congratulations. But I’m finished too. Complete."
Rintaro,We’re not experimenting.,Eh!? I just finished and you’re already shutting it down? What I have been doing these past three days?
Rintaro,Time leaping presents a host of problems. I want to consider them all carefully.,"H-huh. That’s... an unusually respectable opinion, coming from you."
Rintaro,We’ll do that another day.,What?
Rintaro,Are you upset?,...Yeah.
Rintaro,I came from five hours in the future.,... Is that supposed to be funny?
Rintaro,D-don’t glare like that! This isn’t right! You’re supposed to believe me!,What made you think I’d believe something like that!?
Rintaro,"You told me so! Five hours from now, okay!?",Don’t be ridiculous. I would never make such a baseless projection.
Rintaro,"When I told you about my time leap, you said, ’I took it as proof that my theories were right. I didn’t doubt it was true for a second.’ ’Don’t forget. It was my mad skillz that turned the PhoneWave into a time leap machine.’",I don’t talk like that!
Rintaro,What you want most right now is your own fork!,Wha--
Rintaro,"You already have your own spoon, apparently.","S-she said that? I’m gonna kill myself five hours from now... It feels like someone peeked into my heart. And that someone is Okabe, of all people. But I think I believe you. Tell me the details. I see... If what you say is true, then we have a serious problem. Future me said that the chronology protection conjecture holds, but I don’t think that’s quite right. That conjecture says that according to quantum theory, time travel is impossible due to the danger of disrupting causality. But when you time leap, there’s no chance of a time paradox occurring."
Rintaro,"So I was right. The universe itself is censoring me, correcting any changes I try to make.","If that’s true, then time leaping can’t save Mayuri. Nothing you do will change the result."
Rintaro,...I can’t accept that.,"Neither can I. The world is trying to kill Mayuri? As a scientist, I refuse to believe such nonsense."
Rintaro,What about the many-worlds interpretation? I just need to observe the world where Mayuri doesn’t die.,The many-worlds interpretation... That might have something to do with how Mayuri’s means of death keeps changing. But it’s supposed to be impossible for parallel worlds to observe each other. Why are you different?
Rintaro,"Because of my esper power, Reading Steiner.",This is no time for your chuunibyou nonsense.
Rintaro,...There’s no other explanation.,You’ve mentioned that Reading Steiner thing before. Were you actually serious?
Rintaro,Why would I make up something like that?,"I don’t know, but I don’t want to rely on something that may not even exist. Anyway, you can’t control which possibilities you observe. Even if the many-worlds interpretation holds true, it’s unreasonable to expect that you’ll ever find a world where Mayuri doesn’t die."
Rintaro,"Wait. We’re not getting anywhere. Instead of analyzing what I’ve done, let’s think about what we can do.",Time leaping won’t change the result. I just said that.
Rintaro,Then what do we do!?,Calm down.
Rintaro,How can I calm down!? Do you know how many times I’ve seen Mayuri die!? Covered in blood! Gasping for breath! The light fading from her eyes! Again... and again... and again... And all I could do... was watch!,Getting emotional won’t solve anything.
Rintaro,You’re only calm because you weren’t there!,"...True. I don’t know what happens five hours from now. To be honest, it doesn’t feel real at all. But it’s not like I don’t believe you. You have to stay strong, Okabe."
Rintaro,...Sorry. What I don’t understand is how the cause can change but the effect can stay the same. It’s like causality itself is broken.,"Maybe Kiryu Moeka shooting her isn’t the real cause of her death. Maybe it’s something larger and less obvious. For example, maybe she dies because we invented a time machine, or because SERN discovered our hacking. If that’s the cause, then it doesn’t really matter how she dies. Causality remains intact."
Rintaro,Can that theory explain why Nae pushed her in front of a train?,"Oh, right... hmm... Anyway, the principle of causality is absolute. Deny that, and you deny all of physics. There must be a distinct cause for Mayuri’s death."
Rintaro,"So if we figure out what it is, then maybe we can save her.",Not necessarily.
Rintaro,What do you mean?,The problem is when the causal event occurred. If it happened too far in the past... then there’s nothing we can do.
Rintaro,"But I can travel to any time I had a cell phone, can’t I!?","No. It’s still theoretical, but I believe that one leap with our machine has a maximum range of 48 hours."
Rintaro,Why didn’t you tell me that before!?,"Before what? I just finished the Time Leap Machine, remember?"
Rintaro,Future you didn’t say anything about it either.,"Oh, so that’s what you mean. Maybe she just didn’t have the chance."
Rintaro,So how come I can only leap 48 hours?,"I don’t know. Even I don’t understand everything that’s going on inside that thing. But you can do consecutive leaps. That is, as long as the Time Leap Machine exists. For example, if the Time Leap Machine remains functional for ten straight years, you could leap back to this moment ten years from now. Of course, it would take a total of 1825 leaps, so I don’t recommend it. Still, it’s theoretically possible."
Rintaro,Then what’s the problem?,"Weren’t you listening? I said, as long as the Time Leap Machine exists. When was the machine completed?"
Rintaro,...Ah.,"Exactly. An hour ago. August 13th, 2010. 2:00 PM, or thereabouts. It didn’t exist before then. It’s impossible to use the machine before 2 PM today."
Rintaro,So what you’re saying is... I can’t go back farther than 2 PM on the 11th!?,Most likely.
Rintaro,Can’t you improve it!?,"Eventually, maybe, but certainly not now. I’d need a real laboratory with real equipment. It would be expensive, which means we’d need sponsors. And if we go looking, I’m pretty sure SERN would crush us. I’d say that’s proven by the fact that neither you nor I have leapt here from the far future yet."
Rintaro,"We can’t do anything!? Even with the Time Leap Machine, we can’t stop SERN from killing Mayuri five hours from now!? ...Huh? Hey!",Hey! Where are you going!?
Mayuri,"Welcome back, Okarin! Oh! Suzu-san’s with you too♪ I really thought we should celebrate the birth of Super PhoneWave-chan! So Daru-kun and I went shopping♪",W-what do we do?
Itaru,What are you guys whispering about?,Um...
Mayuri,Diss-tope-ear?,"A society where every activity is controlled by the government. In a dystopia, you’re not allowed to eat bananas unless today is banana-eating day. If you break that rule, they throw you in jail without a trial."
Rintaro,"...Wait, don’t tell me. You’re ’KuriGohan and Kamehameha’!?","Titor came forward, so it’s only fair that I do too."
Suzuha,"When SERN successfully completed their time machine, they became the sole entity with power over the fourth dimension, Time. In just two years, they remade the world to serve their purpose. That brings us to you, Makise Kurisu. In 2036, you’re apotheosized as the mother of the time machine.",Apotheosized?
Suzuha,"Apotheosized. As in revered, respected.",Respected? Huh!? I-I am!?
Rintaro,Wha...,I help SERN build their time machine? I don’t believe it. SERN experiments on people against their will. They’re a disgrace to scientists everywhere. I would never collaborate with them.
Suzuha,But that’s how it is in the future.,How did the future me explain herself?
Suzuha,"We’ve never met. By 2036, you’re already dead... sorry.",Well... that’s just great. I don’t even make it to fifty?
Suzuha,"In my time, there are two kinds of people: those who live extremely long lives, and those who die young, under suspicious circumstances. People who act against SERN are erased.",T-they erased me?
Suzuha,...Maybe you were being used by SERN too. Maybe they took your parents hostage and forced you to work on their time machine.,No... does that mean Mama’s in danger?
Suzuha,"... In my time, yes. But I don’t think they’ve reached that level in this time yet.","Amane-san. You said that most of what you posted as John Titor was true, right?"
Suzuha,Right.,Does that mean you know how the universe works? You claimed that the Everett-Wheeler model -- the many-worlds interpretation -- is correct.
Suzuha,"That was a lie. Camouflage so that SERN wouldn’t target me. If I mix one lie into the truth, then the bad apple spoils the barrel.",So you don’t know.
Suzuha,"I do. By 2036, scientists have successfully modeled the structure of the universe. And it’s not the many-worlds interpretation.",Really? Tell me!
Suzuha,"Right. I told you by mail, didn’t I?",What sort of model is that?
Suzuha,"The universe is made up of worldlines and attractor fields. The universe is like this piece of yarn. Countless possible worldlines exist side by side, branching out to infinity. From a distance, it looks like a single string, but when you look closer, the string is actually made up of individual threads woven together. At the end, those threads converge on a single point. The paths are different, but the destination is the same.",Isn’t that determinism?
Itaru,"Can you compare it to an eroge? Teach me, oh erotic one.",T-there’s no erotic one here!
Rintaro,Whatever.,You guys are hopeless. Better do something quick.
Suzuha,"Umm, I don’t know what you guys are talking about...",Just ignore them.
Suzuha,"In other words, we’re going to jump to a worldline in Attractor Field Beta.",I thought attractor fields couldn’t interact.
Suzuha,"Attractor fields are normally separate, but if we go to the instant they diverge...",The instant they diverge... is that now?
Mayuri,Oh yeah! Wow!,"One more question. These worldlines aren’t parallel worlds, are they?"
Suzuha,"No. Ultimately, they’re just possibilities that exist simultaneously.",Then how do you observe the differences between worldlines? Wouldn’t you need a god’s eye view to do that?
Rintaro,So there’s hope?,Wait a second. How do we know this is all true? What if Amane-san is just making stuff up?
Suzuha,What!? I’m not making stuff up!,"Calm down. I’m not trying to pick a fight. But I still have questions. One, how do you know about Okabe’s power? Two, how did you know Okabe and I were in Akihabara in 2010? Don’t you know a little too much for someone born in 2017?"
Suzuha,His will was what made me decide to time travel. My dad was one of the founding members of the Resistance. He hid from SERN and researched time travel on his own. He wanted to change the future. But SERN killed him. That’s why I’m here. To fulfill his dream.,...I’m sorry.
Itaru,"Like I said, nobody can catch my hacking.",Which email are you talking about?
Mayuri,"Um, I know! Wasn’t it the email Okarin sent that said Chris-chan died?","Oh, that..."
Rintaro,Right... your time machine’s broken.,Can you fix it?
Suzuha,"No. I just ride it. My dad’s the one who built it. I’ve memorized the manual, so I know how it works, but...",Maybe we can use the Time Leap Machine to go back before Amane-san’s time machine broke.
Rintaro,Anyone remember when it rained?,The morning of the 10th. Just before dawn.
Suzuha,"Well, yeah, but...",Just give up. Okabe rarely calls anyone by their name.
Rintaro,"Listen, you two. I’m going to leap to 2 PM on the 11th. After Titor explains herself again, we’ll start repairs on the time machine. Our goal is to have it working by this time today.",Is that the best plan?
Rintaro,"Titor. We’re counting on you to get us an IBN 5100. Never forget. I’m not doing this for you, and I’m not doing it for the future. My mission is to save Mayuri. Call me self-righteous if you want. However... I’m doing this my way. Good. Then let’s begin.",You’re not going to name the operation? You couldn’t find a good Norse mythology-themed name?
Suzuha,Why Norse mythology?,I don’t think there’s a deep meaning behind it. Chuunibyou patients just love Germanic names for some reason.
Suzuha,"Now that you mention it, most of our operation names in the Resistance have Germanic names too. Whenever I ask, they say it’s tradition.",So there’s still chuunibyou in 2036...
Suzuha,That was my mother’s maiden name.,So you have no leads?
Suzuha,This belonged to my dad.,A memento...
Itaru,No problem!,"Welcome back. From the looks on your faces, I guess you didn’t find anything."
Rintaro,Where’s Daru?,"He hasn’t come back yet. It’s already dark, so maybe he went straight home?"
Rintaro,Is it SERN!?,Good morning.
Rintaro,...You came to wake me up? Thanks.,I didn’t do it for you.
Rintaro,"These are Nixie tubes, right? Whoever made this has taste. I’d happily dub it Future Gadget No. 9.",How exactly does it work? It shouldn’t be possible to measure changes like that.
Rintaro,Huh...,So this meter lets other people check worldline divergence?
Suzuha,I wish. I’m pretty sure only Okabe Rintaro would notice if the number changed.,"What? Then there’s no point. Make something useful for once, Okabe."
Mayuri,Ehh?,"Hey, Okabe, remember the lifter? I don’t suppose you’ve figured out what it is... no, of course you haven’t."
Rintaro,I already know. It’s the 42-inch CRT downstairs.,R-really? What’s your proof?
Rintaro,"I’ve been here before, remember?","...Oh, right. The CRT... I see..."
Mayuri,"I’m sorry, guys. I made things worse...",Hello.
Rintaro,Assistant? It’s me.,"Oh, I think you got the wrong number."
Rintaro,"What are you saying? It’s me, Hououin Kyouma.",My name isn’t Assistant. And your name isn’t Hououin Kyouma.
Rintaro,Would you prefer to be called ’KuriGohan and Kamehameha’?,Bwah!? How do you know about that!?
Rintaro,"Before I time leaped, you made a tearful confession. You said, ’I’m an @channeler, a Nicojunkie, and a camwhore who posts tits, but will you still accept me as your assistant?’ And I, of course, replied... ’You may be an @channeler, a Nicojunkie, and a camwhore who posts tits, but you’re still a member of this lab. And that makes you my assistant, now and forever. So wipe your tears, for there is still much--’",I’m gonna post your personal info all over VIP if you don’t shut your mouth right this second!
Rintaro,...How are things there?,Fine. You called at the right time. We need to talk.
Rintaro,I’ll be right there.,"OK. I’ll be waiting. For your information, I don’t post t...ti... I don’t post pictures of my chest, okay!?"
Suzuha,Kurigohan and Kamehameha... so you’re the one who kept picking fights with me on the internet. Makes sense.,I thought you wanted an open discussion.
Suzuha,"Sure. You were kind of annoying, though.",Hehehe...
Rintaro,"So, what did you want to talk about? The Time Leap Machine?","I think you probably forgot, so I wanted to make sure just in case. Have you been looking for the lifter? You haven’t, have you?"
Rintaro,I already know. It’s the 42-inch CRT downstairs.,R-really? What’s your proof?
Rintaro,"I’ve been here before, remember?",I see...
Rintaro,...Sorry for sticking you with this job.,What? Don’t apologize. It’s creepy.
Rintaro,I know you’re not a fan of time travel research. But here you are building a time machine. I was just worried that maybe you were feeling conflicted.,"How rude. I’m sure I’ve said this before, but I’ve always accepted time travel as a theory. I just don’t trust people who claim it can be done despite how unrealistic it is. Besides, I can hardly deny it with evidence staring me in the face. Though I still don’t like the idea of being called the mother of the time machine. Anyway. If you’re apologizing, that must mean you helped out the first time."
Rintaro,The first time?,"Before you started time leaping. You helped me build the machine, didn’t you?"
Rintaro,Yeah. Daru and I helped.,"Then don’t worry about it. I wouldn’t want you to have to do it all over again. And right now, it’s more important to repair Amane-san’s time machine and search for her father."
Suzuha,...Sorry.,"Don’t you apologize now. It’s weird. Welp, back to work. I should be able to get a lot done now that I know about the lifter."
Master,Good!,Done.
Suzuha,"So that’s the Time Leap Machine... It makes you remember the future, right? That’s pretty interesting. Intuition... sixth sense... deja vu... I wonder if those things are actually you recalling future memories. Some of SERN’s researchers in my time came up with the theory that memories are a way of sharing information across worldlines. Maybe it’s similar to that.","I just wish we knew more about Okabe’s Reading Steiner thing. Is it unique to Okabe? Or does everyone have the potential for it, and Okabe’s is just stronger by coincidence?"
Rintaro,One thing’s for certain. My consciousness leaps to the past along with my memories.,"I still don’t understand why that is. It would make more sense if you experienced a change in the present, like you do when we send a D-Mail. Does your consciousness depend on your memories?"
Suzuha,"The problem is that consciousness doesn’t have a form that we can see. Same goes for the soul. Those things are still in the realm of religion. Even in 2036, the existence of the soul hasn’t been proven, and nobody’s proven what forms consciousness, either.",I see... that’s a little disappointing.
Suzuha,"Because the worldline changes. When you leap into the past and take different actions from before, divergence changes, if only a little bit. In most cases, that fluctuation won’t amount to more than 0.000001% on the divergence meter. Small changes might not register at all. When you change the cause, the effect merely shifts to a separate, already-existing worldline. Since those two worldlines are almost exactly the same, you barely feel any difference. It’s not like the previous worldline disappears. It keeps existing as another possible worldline.","That’s the many-worlds interpretation, right?"
Itaru,"If you want to thank me, then let’s make out.","Control yourself, perv."
Mayuri,Wow! That’s a great idea!,How unusually thoughtful of you.
Mayuri,Tada! Suzu-san’s dad is... Daru-kun!,That joke’s not even logical. It’s impossible for this perv to get married in the first place.
Mayuri,"Nope. Um, Mayushii’s one hundred million percent sure that Daru-kun is Suzuha’s dad.",Okay. What’s your proof?
Mayuri,It’s easy to see on the picture we took!,2010? But that’s this year!
Mayuri,"Well, Mayushii’s a lab mem, but I can’t make time machines, and I don’t like fighting. Of course I’m not famous! But Daru-kun’s a super hacka and Okarin’s right arm. He even helped Okarin make PhoneWave-chan. So I thought it was strange Suzu-san didn’t know him.",So you’re saying he used a different name?
Mayuri,He knew about it. Doesn’t that fit Daru-kun perfectly?,She’s right.
Mayuri,"And FG probably stands for Future Gadget. Finally, his name. Barrel Titor has to be Daru-kun!","Come to think of it, last night, Mayuri asked how to say ’barrel’ in Japanese."
Mayuri,"Just now, didn’t it sound like ’Ditor’?",It did.
Mayuri,I think she looks just like her father♪,"That could just be the placebo effect... but now that you mention it, they kinda do look alike."
Itaru,Uh... c-c-could you call me Papa instead?,"For once in your life, don’t be a perv..."
Itaru,"S-Suzuha!! I’m sure we’ll meet again! I’ll do my best until then! I hate myself for not knowing any other way to say it, but I’ll do my best! I’ll do my best, I promise! So Suzuha, do your best too!","Haah, whew... whew... no more... running..."
Itaru,"Suzuha’s 54 by now, right? My daughter is 30 years older than me. I don’t know if I want to see that. Feels weird, man.","You know, it wouldn’t be unusual for her to have grandchildren by that age."
Mayuri,"If you’re looking for Suzu-san, she went 35 years--","Shaddup, Mayuri!"
Itaru,I didn’t do it on purpose!,"Calm down, both of you. Hashida did everything he could. He doesn’t deserve your anger, Okabe."
Rintaro,How can you be so calm!?,That’s how I am. Sorry. Now calm down.
Mayuri,"Okarin, are you okay?","What are you doing, Okabe!?"
Rintaro,We can’t just leave it like this! I have to do something!,Okabe...
Rintaro,"Kurisu. You’re good at remembering dates, aren’t you?","Huh? Well, sure..."
Rintaro,When did we throw that party for Suzuha?,Four days ago. August 9th.
Suzuha,"Being with you guys, even for just a little while... was great. I’m going to finish what you started, Dad. I promise. Well, see you in 35 years... though I guess it’ll only be a few hours for you guys. Ahaha! Change the future. Please.",Do you have a plan?
Rintaro,...ah.,"...see? You’re shaking. We’ve only been at it for two days and you’re already exhausted. We still have plenty of time to find the pin. You don’t have to be in such a hurry. If you collapse, what then? I won’t be worried about you, but Mayuri sure will. Take care of yourself. Got it?"
Itaru,"Whew, hee, why did I have to come along?","Same... here... haah, whew... the wind’s... too strong..."
Suzuha,"What a view! I thought this trip would be a waste of time at first, but I guess people need to take a break once in a while!",I’d rather... be working... on the time leap machine...
Mayuri,"You know, that was almost like Okarin saw the future!","You got a D-Mail, didn’t you?"
Mayuri,Wow... I’ve never seen it this empty...,Look at all that space. It’s hard to believe they fill this whole area during ComiMa.
Itaru,Isn’t there a restaurant nearby? Let’s take a break.,I can’t believe we have to bike all the way back. What a nightmare...
Itaru,"Whew, hee, why did I have to come along?","Same... here... haah, whew... the wind’s... too strong..."
Suzuha,"What a view! I thought this trip would be a waste of time at first, but I guess people need to take a break once in a while!",I’d rather... be working... on the time leap machine...
Itaru,Whoa! Th-that was close!,"Hey, are you okay?"
Itaru,"Man, what a shock. What was with that guy!? Crazy drivers. I should’ve checked the number! Then I could be like ’Reported!’","Nothing actually happened, so there’s not much point in reporting it."
Mayuri,Wow... I’ve never seen it this empty...,Look at all that space. It’s hard to believe they fill this whole area during ComiMa.
Itaru,Isn’t there a restaurant nearby? Let’s take a break.,I can’t believe we have to bike all the way back. What a nightmare...
Itaru,"Whew, hee, why did I have to come along?","Same... here... haah, whew... the wind’s... too strong..."
Suzuha,"What a view! I thought this trip would be a waste of time at first, but I guess people need to take a break once in a while, huh?",I’d rather... be working... on the time leap machine...
Rintaro,"Come on, what are you waiting for? If you want to do it, then do it.","Hey, Okabe. What’s gotten into you?"
Itaru,Haah... I quit cycling! Whoa! Th-that was close!,"Hey, are you okay?"
Rintaro,"You said you wanted to report him, so I’m giving you the opportunity.","I agree that Hashida could be a little less lazy, but you’re going way too far, Okabe."
Rintaro,"Shut up, you class rep wannabe.","Wh, what?"
Rintaro,Mayuri. Kurisu.,Wait... did you just say my name correctly?
Mayuri,Okeydokey!,I don’t need an escort from you. I can get back by myself.
Rintaro,"Mayuri, you really are a dummy. Just a thought, Mayuri, but don’t you think maybe you should stop coming to Akiba for a while? At least until ComiMa ends. Mayuri!?","So you’re the devoted type, huh?"
Rintaro,What’s that supposed to mean?,"All of a sudden, you’re treating Mayuri like a princess. Today you went to the station to meet her, you taste tested her lunch, and then you held her hand all the way back to the lab."
Mayuri,Okarin really loves Mayushii! Ehehe!,So what’s the deal?
Rintaro,I don’t follow.,Are you a couple or what? I’ve been meaning to ask.
Rintaro,Do we look like a couple?,Huh!? Uh... well... umm...
Rintaro,Don’t talk with your mouth full.,"So... you’re not a couple. Oh. Well, of course! No one would willingly date Okabe, after all."
Rintaro,"Pff. You disappoint me, Christina!",Hah? What are you talking about?
Rintaro,You have finally revealed your true nature. I saw how your eyes lit up at the first hint of romance! You’re nothing but a filthy mainstream girl! I bet you like to eat chocolate with your girlfriends and giggle about the latest celebrity love affair! Absurd! This lab has no need of the puppies and flowers in your head!,"What the hell are you on about, you self-proclaimed mad scientist chuunibyou nutcase?"
Suzuha,"The universe is like this piece of yarn. Countless possible worldlines exist side by side, branching out to infinity. When the meter reads over 1%, you’ve made it to the Beta worldline. If you escape the Alpha attractor field and reach the Beta worldline... then the result will change. Reach 1% divergence... and you’ll save Shiina Mayuri.",Okabe. Didn’t you say we weren’t going to experiment with the Time Leap Machine?
Rintaro,This is just in case.,In case what?
Rintaro,Mayuri! Come on! Get up!,Stop! Stop!
Attacker A,"Target A, Target C secured.","Run, Okabe! Run!"
Rintaro,"Kurisu, come with me a second.",What is it? You don’t normally say my name normally. That came out weird.
Rintaro,Please... help me.,...Now this is a shock. I never thought I’d hear those words from you. Do you have a fever?
Rintaro,No jokes. I seriously need your help.,"You time leaped, didn’t you?"
Rintaro,How much do you know?,How much do I know about what?
Rintaro,How about Suzuha being John Titor?,Eh!? It never even occurred to me.
Rintaro,... Have you finished the Time Leap Machine?,"What are you talking about? I finished it yesterday after an all-nighter, remember? When did you leap from?"
Rintaro,8 PM tonight.,"Hmmm... So basically, you win if you get the IBN 5100 back. This is just a guess... But maybe you should look at what Amane-san said from the opposite angle. I think the critical change takes place when you get the IBN 5100 and erase the data in SERN’s database. That instant is most likely when you’ll achieve divergence over 1%."
Rintaro,The problem is where the IBN 5100 is now.,"You’ve already found it once. That is, if your memories are real. If you can get back to the worldline where you first obtained it, then isn’t it bound to return to you?"
Rintaro,"I see... You’re right. The IBN 5100 was at the lab, and then it suddenly disappeared.","You threw a fit about that earlier. I remember thinking, ’Oh god, Okabe’s finally lost his ability to distinguish fantasy from reality.’"
Rintaro,"You’re such a wannabe American. What do you mean, ’oh god’? Oh, I get it. Chris-chan is a Chris-tian.",That’s terrible.
Rintaro,"...I regret it too. So, Christina... let me see if I understand what you’re saying. The changes we made to the worldline -- namely, all of the D-Mails we’ve sent -- must be reversed. That will return us to the worldline where I found the IBN 5100 at Yanabayashi Shrine.","It’s still a hypothesis. I only came to that conclusion based on your explanation. If you’re mistaking your facts, deceiving me, or shooting off delusions, then this hypothesis will fail. You can’t just blindly follow this hypothesis either. You may have a safety net, but if you get careless and leave yourself without a way out... Then you’ll never get another chance to save Mayuri."
Rintaro,What I don’t understand is how we delayed the timing of Mayuri’s death exactly 24 hours.,"True, that is interesting. Maybe it’s related to the change in divergence. It could be the Butterfly Effect. If that’s the case, any trivial change could produce a significantly deviant result."
Rintaro,"...You’re not worried about me, are you?","W-what!? Don’t be ridiculous! Why should I care!? I’m not worried about you, okay? Don’t get the wrong idea. I just don’t want to lose a valuable test subject, that’s all. Yeah! That brain of yours has accumulated memories spanning worldlines and time leaps. It’s a precious sample that can rewrite the history of neuroscience! I want to map your brain and find out just what’s going on in there. In other words, your time leaping helps me, too! After all, the Time Leap Machine is the fruit of my research, so to speak, and I--"
Rintaro,Christina. I’m going to give this plan of yours a shot.,Oh. G-great. Ah...
Rintaro,You’ve been a great help. Sorry for the trouble.,"D-don’t apologize, dummy. It’s confusing... And besides, I don’t even remember helping you before! How are you going to take responsibility for this!? I wish I could remember too... Then I’d always have something to rub your nose in!"
Rintaro,You really have an awful personality.,You’re one to talk.
Rintaro,Yeah!?,"Okabe! Can you hear me!? We called a taxi, but it’ll take some time to get there."
Viral Attacker B,There’s no point in hiding!,"I see. Then I’ll lecture you on how to escape. You’re in the same the place you were before, right? Scatter the flour and make a break for it. OK? Then switch on the light."
Mayuri,"’Course I do! You know that, Okarin. You’re so weird! Mayushii’s taking a break to prepare for ComiMa tomorrow.",Okabe? What are you doing? I thought we weren’t going to--
Rintaro,I won’t let you kill Mayuri! Whew...,This seems serious.
Rintaro,Yes. I have a difficult problem that requires... delicacy to resolve.,Delicacy? That’s like the exact opposite of what anyone expects from you.
Rintaro,"That’s why I want to ask a girl. Plus, you’re my assistant, so I need you to save my ass this instant.","Oh, you. Why do you need to ask a girl anyway? Urushibara-san is actually a guy? That’s totally ridiculous."
Rintaro,But it’s the truth. Was the truth.,"So basically, umm... She looked like Hashida?"
Rintaro & Kurisu,”Ugh.”,Unacceptable! There’s no way such a cute girl was a guy.
Rintaro,"Hey, hold your horses. I never said that Lukako looked like a guy. He actually looked pretty much the same. He was always androgynous, so much you couldn’t help but think he was secreting excess female hormones or something.",He looked like she does now? Acceptable. Anyway. You want to turn her back into a guy?
Rintaro,"Unless we do, Mayuri dies.",Mayuri’s life is tied to Urushibara-san’s gender... That’s so crazy it doesn’t seem real at all. Have you come up with a solution?
Rintaro,Of course. I’ll have Lukako turn back into a guy.,I don’t know if she’s going to appreciate that.
Rintaro,"That’s why I’m consulting you, so I can find a way to do this while hurting her the least. ...If only I hadn’t been so careless. I shouldn’t have let so many people send D-Mails.",Regret won’t change anything. There’s only one piece of advice I can give. Don’t say anything to Urushibara-san.
Rintaro,What do you mean?,"Based on what you’ve told me, you have the advantage this time. You already know the contents of the D-Mail. So you don’t have to tell her -- him? Ex-him? ...You don’t have to tell Urushibara-san. Just send the cancellation D-Mail."
Rintaro,You mean pose as Lukako and send the mail to her mother myself?,"If the worldline changes, then that will all be undone. In which case, ethical concerns don’t really matter."
Rintaro,Just one problem. I don’t know her mother’s pager number.,What!? Are you an idiot!? Why didn’t you write it down!?
Rintaro,I didn’t think I would need it!,What if you just ask for the pager number directly? Think up a good excuse.
Rintaro,That’s going to look suspicious...,"What are you so scared of? That’s not the vain and arrogant Okabe I know. Just make up some nonsense like you always do. I mean, you know how gullible she is, right? ...Wow, I hate myself for saying that. I’m a bad girl."
Rintaro,Maybe I should just tell her the truth. Sincerity will work better than underhanded tricks... I think.,"A mad scientist, sincere? That’s a good one. It’s more like you to say ’I’ll brainwash her, muhahaha!’."
Rintaro,"I will shoulder Lukako’s pain. That’s my responsibility. When I cancel that D-Mail, the fact that she was a girl will be undone. I’m the only one who can carry that burden.","So what are you talking to me for? Go to her now, and tell her what you told me."
Rintaro,Lukako! Wait!! ...,You raised a flag.
Rintaro,What are you talking about?,Don’t you get it? You raised a flag. Or I guess you could say you tripped over a flag that was already raised.
Rintaro,You mean a death flag?,"Why!? It’s a romance flag, genius."
Rintaro,Wha...!,"Urushibara-san likes you. When her beloved Hououin Kyouma told her she was a guy, it tore her pure maidenly heart into tiny little pieces. In other words, your plan was a massive failure. Love is trouble. There’s no formula for calculating people’s feelings. Too many unknowns to solve for. The direct approach was a mistake. It’ll be even harder to persuade her now. You should think of another way this time. Like asking her mother directly. Though I’m sure the Urushibara family already thinks of you as the man who made their daughter cry. So they might have their guard up."
Rintaro,Um... when do you think I first set off that romance flag?,How should I know?
Rintaro,"I mean, think about it. Lukako was a guy last week. If he already liked me at that point, then...","That’s just your perspective. From everyone else’s perspective, she was always a girl. It makes perfect sense. Think in terms of the current worldline. Anyway, there’s a bigger problem. Will changing Urushibara-san’s gender to male really bring the IBN 5100 back?"
Rintaro,"Something is different from the previous worldline. According to Lukako’s father, the IBN 5100 was definitely at Yanabayashi Shrine. Suzuha gave it to Faris’s dad. After he died, Faris donated it to Yanabayashi Shrine... That sequence is the same as on the worldline where I obtain the IBN 5100.","So you’re gradually approaching the original worldline. You know, I’ve been thinking. You really shouldn’t be able to change the worldline so easily."
Rintaro,What makes you say that?,"I mean, there are six billion people in the world. It doesn’t make sense that switching a single person’s gender could cause such a huge change in the worldline."
Rintaro,"According to Suzuha, taking different actions after a time leap will only change divergence by around 0.000001%, if at all. But when I canceled Faris’s D-Mail, there was a 0.05% change.",0.05% is pretty big. What did Amane-san have to say about that?
Rintaro,"The year 2010 is a major attractor field junction, and the key is whether or not I obtain an IBN 5100.","Maybe the divergence meter actually measures your distance to the IBN 5100... In any case, what you’re saying is that all of the D-Mails we sent had an influence on the IBN 5100’s location somehow?"
Rintaro,There were also some D-Mails that didn’t activate Reading Steiner.,"Hmmm. So just cancel the D-Mails that activated Reading Steiner, and the IBN 5100 might come back to you."
Rintaro,...Kiryu Moeka. So what should I do about Lukako?,"Well, you tripped a romance flag, so... Hmm... ...Ah! B-by the way, Okabe. Is there... someone you like?"
Rintaro,Not really.,Oh... okay.
Rintaro,Why do you ask?,"Ah, no, just wondering! There’s no hidden meaning, okay!?"
Rintaro,"Why are you mad? Also, your face is red.",Is not! A-anyway! You should go out with Urushibara-san!
Rintaro,...Seriously?,"Y-you don’t like anyone else, right? Then answer her feelings, you dummy."
Rintaro,Mayuri dies in two days. I don’t have time to play boyfriend.,Just go out with her.
Rintaro,...Seriously?,"If there’s nobody you like, then there’s no reason not to, is there? Get close and help her work through her feelings. Then she’ll probably tell you what you need to know."
Rintaro,Mayuri dies in two days. I don’t have time for that touchy-feely stuff.,"...Only consider this as a last resort. If you’re willing to hurt Urushibara-san, you can always take the information by force."
Mayuri,Retreat...?,Stop staring. You’re distracting me. How many times do I have to tell you?
Rintaro,"Genius neuroscientist, I need to talk to you.",Make it short.
Rintaro,I want you to come with me to Yanabayashi Shrine.,"Tell me why. If it’s a date or something, then I refuse."
Rintaro,S-so... I need you to explain the differences between the male brain and the female brain.,What.
Luka,Okabe-san... and Makise-san. Did you come to pray?,"A-ahem. Actually, we have something to talk to you about, Urushibara-san."
Luka,What might that be?,Did you know? Male and female brains are very different.
Luka,What...?,Male brains are right-dominant. Female brains are left-dominant.
Luka,Y-yeah...?,"By the way, the right brain handles image processing, spacial processing, and comprehensive judgment. The left brain handles things like language, and calculation. The right and left brains are connected by the corpus callosum, which is more developed in females. You know how people say that girls are better at multitasking? That can be explained by the development of the corpus callosum."
Luka,Uh... what...?,"Actually, these theories are kinda fringe. They’re not really that credible. So if you don’t mind, I’d like to do an experiment."
Luka,A-an experiment?,I want to try mapping your brain patterns to see if they’re more female or male.
Luka,What is mapping...?,"Brainwave mapping. We just take a sample of your brainwaves. Anyway, you’ll understand if you try it. Okay? Okay? It won’t hurt a bit."
Luka,N-no thanks...,"It’ll be okay, I promise. It won’t hurt a bit. Just come to the lab and we’ll--"
Rintaro,What kind of perverted old man are you!?,Fwahn! Wh-what!?
Rintaro,Don’t you what me! What did we come here for!? What are you going to do if you scare Lukako away!?,I’m just treating her like a valuable test sub--
Rintaro,"Go back to the lab, you experiment-loving girl!","Yeah, okay. So that’s the thanks I get for going out of my way to help you. I’m gone. You’re on your own now."
Rintaro,Christina! Please wake up!,"...Oh, shut up."
Mayuri,"Chris-chan, tutturu♪",... What is it?
Rintaro,... E-excuse me. I need a moment.,"Sup, you filthy normal?"
Rintaro,Who’s a normal? Think about how I feel for once. Did you hear what Lukako said just now?,No. Fill me in.
Rintaro,You weren’t listening!?,How am I supposed to listen from all the way over here?
Rintaro,She confessed. Until the 15th. Then back to manhood.,Roger. And? Why are you asking me? Just grant Urushibara-san’s wish.
Rintaro,B-but it’s Lukako!,"What’s wrong with her? I mean, look how cute she is."
Rintaro,But she’s a--,"Her being a guy might just be your imagination. From my perspective, she’s always been a girl."
Rintaro,Gh...,Just give up. Bye.
Rintaro,...Then I’ll come up with something by tomorrow.,"Well? Did you agree to go out with her? Well, I can kind of guess based on Urushibara-san’s reaction."
Rintaro,"Wait, you saw that!?","You told me to watch, didn’t you?"
Rintaro,...We’re going on a date tomorrow.,Yeah? Our insane mad scientist is dating a high school girl. That’s not insane at all.
Rintaro,Gh... What was that for!?,"Sorry. I didn’t mean to be snippy. I’m just a little irritated. You made this choice to save Mayuri. So I’ll change my way of thinking too. Anyway, do you have any plans for your date tomorrow? Well, do you?"
Rintaro,"...I have only one thing to say, assistant mine. I am the great Hououin Kyouma, a mad scientist with an IQ rivaling that of Isaac Newton himself!",And?
Rintaro,"Naturally, as a mad scientist, I have no interest in this thing mortals call love. My incredible brain is devoted to the destruction of the System that controls the world, and the birth of a new age of chaos!","You’re obviously a virgin, thank you ver--"
Rintaro,"Damn you, assistant! How dare you point out the truth so bluntly! I won’t forget this insult!",S-sorry...
Rintaro,And what about you!? Your experience must be vast indeed if you think you can lecture me about it!,Ugh...
Rintaro,"That’s what I thought! You spend all your time on research, so you’ve got zero experience, don’t you!? You must’ve been awfully lonely in America, huh!?",Shut up! What’s wrong with being a virgin!?
Rintaro,The genius girl who cried ’virgin’ at the center of Akiba...,"L-let’s get out of here! What’s important for a first date is to make a good impression. An unclean appearance is out of the question. A haircut is especially important. Long hair looks dirty, so it’s no good. For clothes, you should wear something exactly the right size. Though it may be trendy, especially in Akiba, for young men to wear baggy clothes, it looks sloppy, so it’s not good. On the first date, conversation tends to break due to mutual nervousness. What’s important is to play ’conversation catch’. One-sided conversations aren’t fun for the other side. Girls especially like to talk, so the guy should try to keep the conversation going. Not just by listening. Throwing in appropriate responses is also necessary. Responsiveness gives the girl the impression that you’re really listening to her. Basically, you need to be the opposite of yourself. Anyway, focus on acting normal for now. No more of that idiotic laughter. You’re too heavy-handed with girls. You talk too pompously. You fire off nonsensical delusions."
Rintaro,"Hey! You’re just reading out of a dating manual, so you’ve got no right to look down on me, you American virgin!",Who are you calling an American virgin?
Rintaro,Who else but you?,"Yeah, sure thing, virgin. There’s a saying. ’A fortress is judged by how many attacks it repulses; a soldier is judged by how many fortresses he takes.’"
Rintaro,That’s not a saying. Don’t look so proud of yourself.,"...You’re right. This is a dumb argument. Anyway, this dating manual actually says some pretty interesting things. Like ’when walking down the street, be sure to put yourself between your date and the road’ or ’whatever you do, don’t make the girl pay for anything’. Okay! For your date tomorrow, make sure you follow all of these rules. And after that, there’s... carry a clean handkerchief. Spread it out when the girl goes to sit on a park bench."
Rintaro,I’m not her butler.,"But that’s what the book says. When it’s time to eat, avoid fast food of all kinds. Family restaurants are borderline acceptable. Anything else depends on your budget."
Rintaro,Family restaurants are borderline...,Arrive at the meeting place at least 15 minutes early. Tardiness is unacceptable.
Rintaro,15 minutes early...,"Then you just need to decide where to take her. Movies, art galleries, strolling through town, and food are all safe."
Rintaro,"I see. It’s easier than I thought. I was under the impression that a first date required going to a beautiful beach resort, exchanging your first kiss bathed in the light of the setting sun, and stuff like that.","Ah, that’s really romantic! ...I mean, that’s virgin imagination at full throttle. You’ve read too much manga."
Rintaro,You too.,"Besides, your date’s a minor, so don’t even think about bringing her to a hotel, okay?"
Rintaro,...What do you take me for?,That just about covers it. Well? Was my lecture helpful?
Faris,"Hmmya? Not her, nya? Then... Is it her, nya?",Hwehh...!
Faris,"Then some other girl, nya? Kyouma, you tomcat, you’re making moves on too many girls, nya.","Oh-ho... So you’re making moves on too many girls, huh?"
Luka,El Psy Kongroo.,Okabe? Mayuri called. She was mad. You stood her up on your promise to go to ComiMa.
Rintaro,Christina. I need you to enter a number into the PhoneWave (name subject to change).,What? Explain yourself.
Rintaro,"I couldn’t save you, Mayuri. No... I chose not to save you. I abandoned you, Mayuri.",Okabe. It’s been three days. Will you at least eat something?
Rintaro,...I didn’t send the D-Mail.,What do you mean?
Rintaro,...I couldn’t change Lukako back into a guy. Instead... I chose to accept fate. I stood by... and let Mayuri die.,"... ...Will you eat? I can make cup noodles, if you like. Or should I go get something?"
Rintaro,Say something. I killed Mayuri. Why won’t you blame me?,"I suppose I could, but why? It looks like you’ve already blamed yourself enough. Maybe we just don’t have the right to change the past after all. Besides... No one can blame you. You’ve been fighting alone this whole time, one man disconnected from causality. No one else can understand your pain. No one else can understand the meaning of your choice. There’s no way I can blame you, when I haven’t time leaped even once."
Rintaro,...How can you be so understanding?,"I’m not. When you chose to save Mayuri with the Time Leap Machine, you must have known that no one would ever understand. So accept what you’ve done. Do that, and you’ll never forget the meaning of your choice. However... You should also take responsibility for the girl you did save. Mayuri is dead. It’s sad -- no, sad doesn’t even begin to describe it -- but Mayuri is gone. You couldn’t change convergence. You couldn’t defy fate. But she is still alive. Thanks to you, she’s still alive, as a girl. And I think she’s suffering alone, just like you. Aren’t you the only one who can understand her suffering? You’re her accomplice, remember?"
Mayuri,"Phew. I’m stuffed! I barely ate today, so I was hungry!",Is there more tomorrow?
Rintaro,"I’ll pass, but my assistant looks like she wants to go.",What!? Hey! Don’t put words in my mouth!
Rintaro,I saw your eyes sparkling while you listened to Mayuri’s cosplay stories.,"Maybe, but nobody said anything about going."
Mayuri,"Come on, Chris-chan!",No way. I’d suffocate in a crowd like that.
Mayuri,"It’s not as crowded on day two! If you’re worried, come in the afternoon. All the popular stuff will be sold out, though.","You go, Okabe. You’re Mayuri’s guardian, aren’t you?"
Mayuri,"No, Mayushii is Okarin’s hostage!","Oh, right. That’s what it was. Well you don’t want your hostage to escape, do you? Shouldn’t you take her along in handcuffs or something?"
Rintaro,I’ve got business in Akiba.,"What do you mean, business?"
Rintaro,Christina. We need to talk.,Again? Abrupt as usual.
Rintaro,"Hm? What do you mean, again?",Nothing.
Rintaro,"So, Christina.",I’m not going to ComiMa.
Rintaro,"You said ’again’ just now. We’ve talked like this before, just the two of us?",Losing your memory now? Does our little mad scientist have an acetylcholine deficiency?
Rintaro,I’m being serious.,You’re acting weird today. What’s going on?
Rintaro,Please. I need to know.,"I mean, yeah. This is like the fifth time you’ve brought me outside to talk about the Time Leap Machine."
Rintaro,Have we talked about my time leaping?,You’re time leaping?
Rintaro,More than a dozen times already.,That many!? What the hell are you doing!? ...I think I get it. Don’t wear yourself out.
Rintaro,It’s a disgrace to be comforted by my assistant.,"Why are you always like that!? I’m even trying to be nice. You’re really full of yourself, you know?"
Rintaro,"I don’t need your sympathy. Everything that happened is my fault. I’m just getting what I deserve. ...Come to think of it, every time I explain this to you, I always end up hating myself in the end.",Okabe...
Rintaro,"Don’t worry about me. Worry about Mayuri. Mayuri will probably die tomorrow. I don’t know how it will happen. Sorry about this, but I want you to be there when she dies tomorrow night.",That’s why you want me to go to ComiMa?
Rintaro,"There’s nothing we can do to prevent her death. Just stay close and tell me when it happens. Once I know, I’ll make the time leap.","I can’t believe there’s nothing we can do. It just doesn’t feel real. But it’s the truth, isn’t it? I can see it in your eyes. ...Are you okay?"
Rintaro,No. I still haven’t saved Mayu--,I know. That’s not what I meant. Are you okay?
Rintaro,I don’t follow.,You’re carrying an awful burden.
Rintaro,"I told you not to worry about me. It’s Mayuri you need to worry about. Tomorrow, I’m going to look for Moeka. I wish there were some way that Mayuri wouldn’t have to suffer...",Then why don’t you time leap now?
Rintaro,I can’t plan effectively without knowing the deadline.,"I don’t want to see Mayuri die either, you know."
Rintaro,"I know how you feel, but you’re the only one I can ask.",Where did all this trust come from?
Rintaro,"...You’re my assistant, after all.",You’re so full of yourself.
Rintaro,... Time leap... Electrical discharge!? ... In other words... I have nothing. ...! Hello!?,"Okabe! She’s... aah... why... I don’t... She just... I saw it happen! She’s dead! Mayuri’s dead! This... this can’t be... She s-suddenly collapsed. Why!? It doesn’t make sense. She’s not breathing. She won’t answer at all. Please, Mayuri! Okabe, what should I... what do I do? Help! Please! Mayuri’s dead!"
Rintaro,...Dammit. Hello?,Finally. Where are you?
Rintaro,Hello.,Where are you?
Rintaro,"...Sorry, I’m busy.","Is it woman? You’re with a woman, aren’t you?"
Rintaro,Is that the first thing that comes to mind? You really are a mainstream girl.,"Shut up. You promised you’d help with the PhoneWave, remember? Or is your lab mem number just for show?"
Rintaro,Get Daru to help. I can’t do it today.,...What are you doing? Where are you?
Rintaro,Kiryu Moeka’s apartment.,So you are with a woman. You’re the worst. You have to take it from her by force.
Rintaro,You’ve seen too many Hollywood movies.,"You’re up against an agent of SERN. Play nice and you could end up dead. Don’t hesitate. Remember you’re doing this to save Mayuri. I know you’re pretty weak and scrawny, but you should be able to handle her in her current state. You might think I’m a monster for saying this... not that I care what you think, but... Kill her if you have to."
Rintaro,"You’re a monster. But you’re not a hypocrite, and that’s what I love about you, Christina.",L-love!? Uh...
Rintaro,I mean it. I wish my conviction were as strong as yours.,"...Well, thanks."
Rintaro,"But that’s not all, right? There’s a reason you’re willing to suggest murder as an option. How did you reach that conclusion?","Good, you’re still thinking. I can’t be certain whether your story is true, and I don’t quite understand this attractor field hypothesis. But based on what you told me... If this Kiryu woman commits suicide four days from now, then that means her death flag is already active. In other words, this worldline has approved her death. On previous worldlines where that wasn’t the case, you probably couldn’t have killed her even if you tried. Something would have happened to prevent it. Or possibly, killing her would have caused a dramatic shift in worldline divergence. But on this specific worldline, her death is already certain. As you’ve experienced with Mayuri’s death, the result is what matters, not the process. I believe the same applies to Kiryu. It doesn’t matter how she dies."
Rintaro,"She’s already going to die, so that makes it okay. That the kind of argument a murderer would make.","Don’t be a hypocrite. We’re not talking about right and wrong here, Okabe."
Rintaro,"But what about the law? Even if fate forgives me, society won’t.","As long as you have the Time Leap Machine, you can undo anything, even murder. The result will be that you gained the necessary information without killing anybody."
Rintaro,I understand.,"...Phew. Just remember one thing. You’re responsible for what you do. ...I guess that’s quite a thing for me to say, huh? After telling you to kill her."
Rintaro,It’s fine. Your advice was truly becoming of a mad scientist.,"Get it done, Okabe. Bye."
Moeka,"Haah, khah, haah, kpph, haah... Guh, hgg, gah, hah, geh...! Guh! Ah... gah...! Gehh, gehhehuggehgehoh-- Gehohgehohgehoh, khah, ga... beh.. gh... Gehohgehoh, bi...na...",This is Makise.
Rintaro,Get ready for a D-Mail!,"Okay, but what’s that noise!?"
Rintaro,I’m having a little trouble here.,So you didn’t kill her. Good job! It’s ready.
Rintaro,And Mayuri?,Still here. She’s at the Braun Tube Workshop trying to get the manager to turn on the CRT.
Rintaro,"You didn’t tell her anything, did you?",About her death? Of course not.
Rintaro,Good. Don’t hang up yet. ... ... ...? What? Why? Well!?,Did you send it?
Rintaro,Yes. Did it work!?,The discharge is occurring as normal.
Rintaro,"So it worked, right?",Definitely.
Rintaro,The worldline didn’t change!,You mean it failed? Why?
Rintaro,Maybe the message wasn’t enough to persuade Moeka to change models.,Could we have sent it to the wrong date?
Rintaro,It’s July 31st. I’m sure of it.,Check when the original D-Mail arrived. Maybe her reaction will change if the new one arrives just after that.
Rintaro,What a pain!,"Try sending different messages. If that doesn’t work, I’ll adjust the timer."
Rintaro,You’re a lifesaver. What’s going on there? Is Mister Braun freaking out?,"I can hear him shouting from below. Hashida and Mayuri are trying to calm him down, but who knows how long that’ll last. I don’t think there’s much time left."
Rintaro,Are you there?,Still not working?
Rintaro,"I tried two more times, but nothing. ...",Okabe? What’s wrong?
Rintaro,Nothing... changed?,Huh? What hasn’t changed?
Rintaro,No way... That sneaky little...! She’s crazy!,Okabe! Okabe!? Answer me!
Rintaro,...Christina.,What’s that pounding? Are you okay?
Rintaro,Moeka’s D-Mail wasn’t about a model exchange.,What do you mean!?
Rintaro,She must have changed the text right before we sent it. That’s why the cancellation mails aren’t working.,Did you check her history? It might still be there.
Rintaro,"Her arrival history... I should have thought of that. Checking now! ...Christina, I seem to be in a spot of trouble. If I fail, I’m leaving the rest to you.","Don’t be ridiculous! If you’re in trouble, then get out of--"
Rintaro,You at the lab?,Haah... don’t worry me like that... idiot...
Rintaro,"What, were you worried about me?","I-I mean, you set off an obvious death flag. I’m surprised you’re still alive!"
Rintaro,Where are you now?,I’m standing by at the lab.
Rintaro,Set up the machine. I’m sending another D-Mail.,Destination?
Rintaro,"...July 31st, 11 AM.","11 AM on the 31st... Okay, all set."
Rintaro,"Alright, activate it.",Activated.
Rintaro,Nothing. Why won’t it change!?,Another mistake?
Rintaro,"No, there’s no way! I know what Moeka’s message said. This D-Mail should have canceled it.",What did the first D-Mail say?
Rintaro,"That the IBN 5100 was at Yanabayashi Shrine. I tried to cancel it by telling her it’s a trap, but it didn’t work. I’ll try to phrase it differently.","Wait. We went through this with the LOTO SIX experiment, remember? The person who reads the D-Mail chooses whether or not to act accordingly. Kiryu learned that the IBN 5100 was at the shrine. Though the cancellation mail came right afterward, I guess she ignored it and went anyway."
Rintaro,Maybe she didn’t believe the cancellation mail. Or maybe she was so diligent she decided to check it out even when told not to.,"Damn. Even when told it was too risky to go to the shrine, she went anyway..."
Rintaro,We need a more persuasive message. Something that will prevent her from going to the shrine.,Like what?
Rintaro,What if I send a D-Mail to myself on July 30th? Could I beat her to the IBN 5100?,Were you even interested in the IBN 5100 then?
Rintaro,... ...FB.,What?
Rintaro,"Moeka’s handler. She’s obsessed with FB. If the mail comes from FB, she’ll do whatever it says.",Do you have FB’s phone?
Rintaro,No. They haven’t even met. We don’t know where FB is.,Then there’s nothing we can do.
Rintaro,...Give me a little time.,"Gonna make me wait again? Well, I’ve been pulling all-nighters recently, so whatever. Just don’t do anything stupid, okay?"
Rintaro,Tennouji’s wife might be FB.,... I thought I asked you to keep me posted.
Rintaro,I’ve been busy.,Busy. Right.
Rintaro,Were you worried about me?,O-of course not! Why should I care what you’re up to? It’s just... Mayuri was really worried. I don’t want to see her sad.
Rintaro,I’m doing this to save Mayuri. I’m close to discovering our true enemy.,Our enemy? But... Isn’t she our enemy?
Rintaro,"She is an enemy, but we’re cooperating in order to uncover the truth.",Isn’t she the one who... killed Mayuri?
Rintaro,...Yes.,Whatever. So where are you going now? Take me with you.
Rintaro,"Have you gone mad, assistant mine?","I’m perfectly sane, and I’m not your assistant."
Rintaro,It could be dangerous.,Eh... Do I die today?
Rintaro,No. You don’t die.,Then there’s no problem. This worldline has essentially guaranteed my survival.
Rintaro,... You fool... You left your daughter all alone! How could you die with a smile!? ...She’s gone? ...His phone.,...So the manager was FB.
Rintaro,...Yeah. You’re right. Do you think Daru’s still in the lab?,"I’ll try calling. He said he’ll be there in five minutes. By the way, something weird happened back there. While I was waiting outside, I heard a gunshot. And right after that... I saw her."
Rintaro,Her... who?,Nae-chan. She ran out the back door. When I called her to stop... our eyes met.
Nae,Aha! Ahaha! Ahahaha!,No way...
Rintaro,Wh-what the hell was that? A demon? Was she possessed? W-what about Moeka!?,"Calm down! Check on Kiryu-san! I’ll call an ambulance. No, wait! Before that... Maybe you should just send the D-Mail."
Rintaro,"Yeah... Hey, Christina. When I send the D-Mail and change divergence, do you think Moeka’s fate will change?",Based on the attractor field model you spoke of... She’ll be more likely to live if divergence exceeds 1%. ...Sorry. I wish I knew what to say.
Nae,"I won’t forgive you, until I kill you with my own hands.",...Okabe?
Rintaro,Wasn’t there something strange about that girl?,That girl... you mean Nae-chan? ...She was like a different person.
Rintaro,"What did she mean, she’ll kill me in fifteen years?","Don’t worry about it, Okabe. Send the D-Mail right now. That’ll solve everything."
Rintaro,... I can’t pretend I didn’t see that. I’m time leaping. Back to the lab.,Our enemy? But... Isn’t she our enemy?
Rintaro,"...It’s about 7 AM, right?","Huh? Well, yeah, but where did that question come from? ...! There really was a gunshot..."
Rintaro,Hahaha...,Okabe! What happened!? Are you okay!?
Rintaro,The phone...,"I brought it, but... Hey, tell me what happened, will you!? Should I call an ambulance!?"
Rintaro,Calm down... I’m gonna send the D-Mail now.,"R-right. If the worldline changes, then this wound will go away."
Rintaro,Hey... why do you think Tennouji didn’t kill Moeka?,What do you mean?
Rintaro,Have you been to Kiryu Moeka’s apartment?,...Huh? Moeka-san’s apartment? Never.
Rintaro,"Oh, okay.",Why do you ask?
Rintaro,It doesn’t matter. Just wondering. It’s here! Daru! Daru! Where’s my super hacka!?,"Uh, he’s not here. He went to ComiMa, remember?"
Itaru,...Have you been drinking too much soda?,"Let me sleep, for crying out loud. I was up all night."
Itaru,Hell no.,Will you guys shut up? You’re giving me a headache.
Rintaro,"Hear me, lab mems! Our long struggle has at last reached its climax! Ragnarok is at hand! Now we must deliver the decisive blow. With the power of the IBN 5100, we shall crack SERN’s most secure database and destroy it from the inside! Through the cowardly apparatus known as Echelon, the enemy has acquired precious intelligence on our activities. Now they plot to steal our sacred time machine, upon which rest the hopes and dreams of all mankind! Beneath its scholarly trappings, SERN is a hive of scum and villainy, of men who would sacrifice innocent souls in their quest to rule all space and time. But now we are poised to crush them with the Hammer of Justice! And when we do, they will know once and for all by whose hand the wheel of fate truly turns! ”When the sun sets upon the battlefield, the foul System that rules the world will crumble! And from the flames, a new age will rise! An age of glorious, unfettered Chaos!”",Argh! Shut up! What are you talking about!?
Itaru,Nobody can know the darkness in Okarin’s heart...,"First, get your character straight! What kind of mad scientist talks about the Hammer of Justice?"
Rintaro,To crack SERN! Weren’t you listening?,"Uh, I don’t think that’s a good idea."
Rintaro,When did you become a goody two shoes? Where’s your ambition!?,Are you trying to get us arrested?
Rintaro,That’s not the problem! It’s taken me so long -- so long -- just to reach this point! This is my chance to escape the Alpha worldline and save Mayuri. I won’t let anyone get in my way. Anyone!,Okabe...
Itaru,"I-it’s not like I’m cracking for you or anything, okay!?",Oh god...
Rintaro,"It’s true. All of it. To prevent Mayuri’s death... We need to escape from the Alpha worldline. And I think we can do that by canceling all of our changes to the timeline so far. That should return us to the Beta worldline, the worldline that existed before I sent that first D-Mail. There’s just one more step. We need to erase the first D-Mail from SERN’s database.",Fascinating.
Itaru,"You believe him, Makise-shi?","In theory. I’d like to see objective data, but that’s obviously impossible."
Rintaro,Relax. Your Time Leap Machine worked perfectly.,"O-of course it did. Besides, we were already planning to crack SERN’s database, weren’t we? Fine. Let’s see what’s in there. If the mail data exists, then it’s proof that what you said is true."
Itaru,"So what you’re saying is, ’don’t think, feel.’ Got it.","Uh, you lost me."
Rintaro,Alright.,So the first D-Mail started everything... Was that the one you showed me at ATF? The one that said I died or something.
Rintaro,"Right. I found you dead at Radi-Kan and sent Daru an email. Daru happened to be experimenting on the PhoneWave (name subject to change) at the time, so the discharge phenomenon occurred and the mail... was... ...!",What?
Rintaro,"Wha...t? Mayuri... You can’t see the stars from here... How could this happen? What do you mean, you were finally useful? Tell me, Mayuri...",There you are. What are you doing here?
Rintaro,...Nothing. How did you know I was here?,You said you wanted to be alone. I ran the numbers and concluded that I had the greatest probability of finding you here.
Rintaro,Then leave me alone. You don’t have to look for me. I’m not a lost little boy.,"H-hey! Is that how you treat someone who’s worried about you? N-not that I’m worried about you or anything! I was going to leave you alone at first. But you’ve been acting weird the last couple days. I mean, you’re always weird, but more than usual."
Rintaro,Nothing...,Then why did you cancel the cracking of SERN?
Rintaro,You’re the one who said we shouldn’t.,"Oh, so you’re afraid of triggering arrest flags. I get it."
Rintaro,You should praise me for obeying the law for a change.,"That’s not like you at all. What happened to your ego? What happened to the insane mad scientist, Hououin Kyo--"
Rintaro,To hell with my ego!,...!
Rintaro,"This time, it’s not that simple. I have to choose which friend to let die. It would be so much easier if I knew what was right.",...Which friend to let die? What are you talking about?
Rintaro,"I’m just a student, Christina. You know? The insane mad scientist Hououin Kyouma? That’s just a fantasy. A character I made up. I bet you had no idea.",Uh... I may have figured that out when we first met.
Rintaro,When we first met...,"Tell me, Okabe. What do you mean?"
Rintaro,...Do I have to tell you?,You’ve never hesitated to ask me for help before. Don’t hold back now.
Rintaro,...Then prepare yourself. What I’m about to tell you is the absolute truth. And it could also be... your death sentence.,...eh?
Rintaro,"Remember what I told you before? When we delete the D-Mail from SERN’s database, we’ll reach the Beta worldline, where Mayuri doesn’t die.","And where SERN doesn’t take over the world, right. Everyone lives. Everyone is free. You made it sound perfect."
Rintaro,"And according to the attractor field model, nothing can prevent that from happening. If I want to save Mayuri, I have no choice... but to let you die!","... Hey, Okabe. How credible do you find this attractor field model?"
Rintaro,Credible?,"It’s all secondhand info from John Titor -- from Amane-san, isn’t it? I get that it’s the accepted model in 2036. But how exactly did scientists prove the existence of attractor fields?"
Rintaro,Are you trying to say the model may be wrong? But I know for certain that convergence exists. I’ve experienced it firsthand.,Even if they’re right about convergence... What about the relationship between worldlines?
Rintaro,"The moment I change worldlines, everything is reconstructed. Past, present, and future.","But that’s just from your perspective, Okabe. Once you go to the Beta worldline, the ’me’ that your brain perceives will die. In other words, your perspective will have chosen the worldline where I die instead of the one where I don’t. However... Why can’t the world your brain perceives be different from the world my brain perceives?"
Rintaro,So you’re saying worldlines are independent?,"Like trains, maybe."
Rintaro,Trains?,"Um, let me give you an easy example... If I want to take the train from Akiba to Yokohama, which route should I use?"
Rintaro,I didn’t know you were a railfan.,"It’s just an example. Geez. You choose to take the Yamanote Line to Tokyo Station, then transfer to the Tokaido Main Line for the rest of your trip. But I take the Yamanote Line to Osaki, then transfer to the Shonan-Shinjuku Line. Another person -- say, Hashida-san -- might decide to take the Keihin Tohoku Line for some reason. And Mayuri might ride the Shinkansen from Tokyo. You and I ride the same train until Tokyo Station. But from there, we ride different lines, while still aiming for the same destination."
Rintaro,And that applies to the universe? You’re claiming the existence of parallel worlds?,"...I like to use my imagination too, sometimes. But where’s the proof that there’s only one world?"
Rintaro,Suzuha said so... and then there’s Reading Steiner.,"In other words, an unknown time traveler and your unexplainable super power."
Rintaro,But we knew Suzuha...,"There’s no way to prove that she was Hashida’s daughter, or anything she said about 2036 either. Not without going there ourselves. And if Reading Steiner is what you say, then it means that your subjective experience influences the memories of every single human being. That’s completely absurd, Okabe. If it’s true, then you’re literally a god. But there are no gods in reality. The world doesn’t revolve around you. It’s just your brain making you believe that it does. If that makes you this world’s god, then I must be a god too. My brain is just as big as yours."
Rintaro,What are you trying to say?,"Let’s say you choose the worldline where I die. That doesn’t mean I have to do the same. The fact is that I am standing here right now, observing the world with my own subjectivity. I already exist on a worldline where I don’t die. Even if your perspective shifts to the Beta worldline, my perspective might remain here. It’s a question of where the soul lies. And I won’t let you have your way with my soul."
Rintaro,No true scientist would accept a hypothesis that flimsy.,"But there’s a chance I’m right. So you have nothing to worry about. The problem is that you don’t want to let me die, right? But if my hypothesis is correct, I’ll still be alive on another possible worldline. So there’s no reason to be afraid."
Rintaro,... It’s just a hypothesis.,"The same is true of attractor fields. It hasn’t been proven. Even if someone did prove it by 2036, that doesn’t help us here in the present. In other words... Anything is possible. You really don’t have to worry about me, Okabe. It would just hurt my pride if you did."
Rintaro,Don’t say it like that.,Your phone’s ringing.
Rintaro,"Oh, yeah. It’s Mayuri.",Answer it. I don’t mind.
Mayuri,"Ehehe. I’m hanging up now. If you feel like talking to Mayushii about anything, just call okay? Tutturu♪",What did Mayuri say? You’re such a wimp. I’m disappointed in you.
Rintaro,Aren’t you afraid of dying?,Did you not hear what I just said?
Rintaro,"I heard, but-- How are you a burden!? Don’t say things like that, dammit! Why is she only serious at times like this!?","A burden, huh..."
Rintaro,I’ve never felt Mayuri was a burden. Not once.,"Then you should tell her that. Okabe. The old you wouldn’t have worried about anything. Anyway, you should go see Mayuri. I’m sure she has a lot to say."
Rintaro,...!,...Okabe.
Rintaro,You’re alive...,Right. I forgot I might run into you here.
Rintaro,What were you doing?,...Thinking.
Rintaro,"... Looks like I’m in your way, so I’ll just go.","...Oh, okay."
Rintaro,Hey. It’s raining.,"Huh? Oh, yeah."
Rintaro,Whoa!,"What the hell!? Whew, what a surprise."
Rintaro,That’s what you get for tempting the sky gods.,You should’ve warned me sooner. Even my underwear’s soaked.
Rintaro,"Same here. I bet you’re glad it’s dark, huh?",What do you mean?
Rintaro,"If the lights were on, I’d be able to see everything.","...! Ugh, I forgot that you’re a perv too."
Rintaro,You’re the one who announced that your underwear was wet.,"J-just drop it! If you’re imagining what color my underwear is, I’ll kill you!"
Rintaro,I’m not imagining anything.,Achoo!
Rintaro,Cold?,"I’m not stripping naked, if that’s what you’re suggesting! Your pervy tricks won’t work on me!"
Rintaro,"Who said strip!? Calm down, will you!?",Grr...
Rintaro,"But if you want to strip, go right ahead. I can’t make out your scrawny figure in this light anyway.","Another word, and I’ll make you eat your cerebral neocortex with ponzu sauce!"
Rintaro,S-sorry.,"A storm like that shouldn’t last long. Guess we’ll just wait it out. H-hey, get your own stair!"
Rintaro,You’re the one who said not to speak.,"Y-you’re too close... Don’t come any closer, okay? You can stay where you are, but come any closer, and I’ll push you away, okay? ...Don’t look at me."
Rintaro,Impossible! How can you see where I’m looking!?,So you were looking.
Rintaro,Damn. Must have caught on something when we ran inside.,What are you talking about?
Rintaro,Just a little tear in my coat.,Is clumsiness one of your character traits?
Rintaro,"Don’t be ridiculous. I am a mad scientist. I bear the curse of insanity, not clumsiness.","Yeah, yeah. Give it here."
Rintaro,What?,I happen to have a sewing kit with me. I’ll stitch it up for you.
Rintaro,A sewing kit? You?,Something wrong with that?
Rintaro,You’re an experiment-loving girl. You’re not supposed to be... domestic.,Can’t I be a domestic experiment-loving girl?
Rintaro,You? Domestic?,"Relatively, maybe. Well, actually, I don’t know the domesticity index for Japanese high school girls these days. It’s wet, so it’s kinda hard to thread."
Rintaro,...Did you really just happen to have that on you?,Get over it already. Is it really so wrong for me to have a sewing kit?
Rintaro,It’s not wrong. It just seems like you planned for this.,"So you’re saying I brought it with me because I somehow knew your coat was going to get ripped. Uh-huh. Ridiculous. And before you get the wrong idea, I’m not fixing your coat because I want to or anything, okay?"
Rintaro,Nice tsundere line.,"Don’t mock me. You just happened to tear your clothes, and I just happened to have a sewing kit handy when you did. It’s coincidence. That’s all."
Rintaro,"Coincidence... Hey... you didn’t time leap, did you?",So now you’re saying that I went back in time for the sole purpose of repairing your stupid lab coat. Uh-huh. Ridiculous. Ridiculous! There. It’s so important I said it twice. Comprendes?
Rintaro,"You’re right. If you had time leaped, you would’ve brought a towel, not a sewing kit.","What’s that, sarcasm? All you do is complain. Here."
Rintaro,Thanks.,"Um, by the way... it was dark, so I couldn’t really see. If it turns out bad, it’s not my fault. It was dark. That’s all. Oh, and I hope you like the color. Because I have no idea which thread I used."
Rintaro,It’s... random?,"Black, red, or pink. Those are the three possibilities."
Rintaro,Let’s just hope it’s not pink...,Achoo!
Rintaro,Cold?,I guess.
Rintaro,Take my coat.,But it’s wet.
Rintaro,"Well, yeah, but... ...",... ...Have you made your decision yet?
Rintaro,What?,"It’s probably just my imagination, but lately, I’ve been seeing things. Like a strange sort of deja vu. In these visions, you’re fighting to save Mayuri all by yourself. You never give up, no matter how much it hurts."
Rintaro,...Aren’t you afraid?,"... You know, it kinda feels like we’re trapped in an ancient ruin. Like the world ended... And we’re the only two people left."
Rintaro,"I... I’ll save you. Not just Mayuri, but--","Don’t make promises you can’t keep! You asked me if I wasn’t afraid. ...Of course I’m afraid. Maybe I’ll disappear. Maybe I’ll be left behind all alone. Or maybe only you will disappear and everything else will stay the same. The world will continue, and nobody will even know that you existed. I’ll go back to America as if nothing ever happened. Maybe... maybe... maybe! I feel hopeless, just thinking about all the possibilities. But even so! Do you think I would tell you to let Mayuri die!?"
Rintaro,Kurisu...,"Jesus, it’s cold! It’s because of these wet clothes! This sucks. Anyway, enough of this nonsense. It’s nothing but conjecture. Baseless. Worthless. I want to cut open my skull and excise the part of my brain that comes up with these delusions. Listen, Okabe. You can’t save both of us. Correct? No matter how you struggle, it’s one or the other."
Rintaro,But...,No buts. My answer won’t change. Save Mayuri.
Rintaro,Are you telling me to give up!? To abandon you!? I could never do that!,"You can, and you must! There’s no other way."
Rintaro,No! You’re our friend! I won’t abandon you!,"Okabe! Is there another solution? There isn’t, is there? I don’t want to live if it means sacrificing Mayuri! If you don’t save her, I’ll never forgive you!"
Rintaro,Guh...,Eh...?
Rintaro,But you’re right here! Why does it have to be this way!?,"Okabe... Thank you. I know you’re hurting for me. But you’ve done enough. I’m fine, so just think about Mayuri, okay?"
Rintaro,I want to save Mayuri... more than anything. I... can’t save you.,...I know. Well then. I’m heading back.
Rintaro,Back? Where?,"”The lab, of course. I need to dry my clothes. I wanna take a shower, too.” You stay here and soak for a while. Understand?"
Rintaro,Does that suitcase mean what I think it does?,"Hm? Oh. Yeah, it does."
Rintaro,You’re going back to America.,"I was supposed to go back at the beginning of the month. But then I ran into a certain mad scientist, and ended up staying longer than planned. There’s nothing else I can help you with anyway. And I don’t want to be a liability."
Mayuri,... Chris-chan!,"W-whoa, what’s going on!?"
Mayuri,But... but...,"Thank you, Mayuri. But this was my decision too. I’m okay with it. Really. Okabe loves you, you know."
Rintaro,Wh-wh-wha-what are you saying!?,"It’s true, isn’t it? It would make him really sad if you died. You don’t want him to be sad, do you?"
Mayuri,"But if Chris-chan goes away, it’ll make Mayushii sad...","Yeah... I know. It makes me sad too. But this was going to happen eventually. I had to go back to America sooner or later. So even if you move to another worldline, just think of me as being in America. It’s practically the same thing."
Mayuri,"That’s not the problem! I don’t want Chris-chan to disappear! Let’s stop this, okay? Don’t make Chris-chan disappear!","You have to listen to us now, Mayuri. Okabe. Don’t ever let go of her again."
Rintaro,...I know.,"Well, I’m off. Thank god I’ll never have to see your silly face again!"
Mayuri,"Don’t go, Chris-chan! Please, don’t go!",Don’t follow me! I don’t want pity. It will only make it worse. This is my decision. Nothing you can say will change my mind.
Rintaro,I won’t give up. Ever!,...Kuh! This is ridiculous! You... motherfucker!
Rintaro,Whoa!,"I said I was fine! What do you mean you won’t give up!? Are you stupid? Wanna die? Are you trying to be a hero, you chuunibyou wackjob? Don’t make promises you can’t keep! Your stupidity is infuriating! Why can’t you just do as I say!?"
Rintaro,I...,"What’s the problem, huh!? If you weigh the options logically, saving Mayuri is the only--"
Rintaro,Fuck logic!,...!
Rintaro,"I’m not God! Maybe I got close, but that’s not me! I can’t decide who lives and who dies anymore! This time...","Hmph! There’s nothing you can do. It’s the choice of Steins Gate. Isn’t that what you always say? The equation is proven, Okabe. There’s no escape. You’re just one man. No matter how hard you try, you can’t overcome the will of the universe."
Rintaro,I know... but I’m still going to try!,"Kuh... Have it your way! But I’m not helping. I’m going back to America, and that’s that. Goodbye. I don’t expect we’ll meet again, Hououin Kyouma."
Rintaro,Kuh...,I can’t believe this! How stupid can you be? You’re so... stupid! Running away?
Rintaro,Why...,Time leaping is just running away.
Rintaro,"... I’ve hurt people... lots of people... just to save Mayuri. And yet, I don’t even feel guilty anymore. I feel like I’m losing my humanity.",Then why are you hesitating now?
Rintaro,"...Maybe because my insurance, the Time Leap Machine, isn’t effective. Or maybe I just haven’t mastered it yet. Maybe I haven’t tapped into its full potential.","Running only makes it hurt more. I should know. Look at yourself, Okabe. You look like you’ve aged a decade. Your heart can’t take it anymore. You don’t need to beat yourself up like this. Just accept the truth. Like I said, you can’t stay here. Go to the Beta worldline. Go to the world where Mayuri doesn’t die. Not just for your sake, but for mine as well. Hey! Could you not talk about me like that? I’m perfectly fine. Let’s say we wanted to make a machine that could physically transport people through time. What would we need? Who the hell’s Christina!? I never said that! I don’t want to deny who I’ve been. Because even my failures are a part of who I am today. We may have created a monster here... You said I was your friend, remember? You said I was important to you. That made me really... happy, I guess... Once we’re done upgrading the PhoneWave... I want you to come with me. I want to be your strength. Thank you. I know you’re hurting for me."
Rintaro,I... ...can’t save you. I’m sorry... Why does it have to be you? Why!?,"Hey, Okabe. Once you go to the Beta worldline, Mayuri and Hashida will forget the time we spent together, right?"
Rintaro,Of course I’ll remember you. Of course I will! There’s no way I could ever forget the girl most important to me!,Eh? Y-you mean... Wh-what the hell are you saying!?
Rintaro,The truth.,"B-but... proof. I need proof. I can’t come up with a formula otherwise! When the anterior pituitary gland hypersecretes ACTH, and gamma waves induce stochastic resonance, we can assume an infinite Hausdorff dimension for the Hilbert curve. That is, we can measure the asymptotic line with positron emission tomography...?"
Rintaro,Kurisu. I love you.,...!
Rintaro,And you?,Eh!? Wh-what!?
Rintaro,"Do you, uh... How do you feel about me?",Y-you want to know?
Rintaro,Why close my--,Just shut up and close them! ... nn... ...
Rintaro,Wha... wha...,"I-it’s not like I did it... because I wanted to or anything. It’s just... you promised... that you wouldn’t forget about me. Research shows that memories are harder to forget when coupled with intense emotions. Y-you’re a virgin and a perv, so I was sure you’d have an elaborative rehearsal on your first kiss, instantly making it a long-term memory you’d never forget... so... I just don’t want you to forget about me, Okabe. No matter what."
Rintaro,S-sorry to disappoint you.,...eh?
Rintaro,That wasn’t my first kiss.,W-why you... You’re just a cherry boy!
Rintaro,"Shut up, virgin.",So it wasn’t your first...
Rintaro,"Right. So it only left a weak impression. Probably not enough to become a long-term memory. So, once more.",Wha...
Rintaro,I don’t ever want to forget... so let’s make doubly sure.,"Th-then I guess there’s no choice... Just a kiss... okay? Be gentle... okay? Okabe... Mm... Don’t forget me... mm... ... It’s too fast... Time is going by too fast. I could really use a word with Einstein right now. Time is not absolute. Einstein proved that time could be fast or slow, depending on the observer. Hey, Okabe. The theory of relativity is so romantic... ...and so sad, don’t you think? ...Well then."
Rintaro,Are you sure I shouldn’t call Mayuri and Daru?,"...I think that would just make it harder. But you, I have no trouble leaving behind."
Rintaro,This is a souvenir. Take it.,Uh... no thanks.
Rintaro,Just take it. It’s not even that bulky.,"Oh, fine. I guess I’ll take it."
Rintaro,Sorry I couldn’t go with you to Aomori...,"Yeah... But these two weeks were fun, in their own way. Give my regards to Mayuri and Hashida, okay? Hang in there, Okabe."
Rintaro,"Victory is at hand! With unimaginable brilliance and unwavering conviction, I have defeated our vast and powerful enemy and now stand triumphant on the field of Ragnarok! I give thanks to the comrades... whose sacrifice made this victory possible! The coming world... is the world I wished for! This is the choice of Steins Gate! Let the world be reborn!","--! Goodbye. Okabe, I lo--"
Rintaro,Come on. I’ll get you a new microwave.,"I don’t want to deny who I’ve been. Because even my failures are a part of who I am today. Going to the past is possible right now. Look into the sky at night, and you can see how things were tens of thousands of years ago."
Rintaro,!? Kurisu...!,"Um, do I know you?"
Rintaro,No...,"You came down from the roof just now, didn’t you? I heard a strange sound from the roof. Is that why the building shook just now? What’s going on? It’s not Doctor Nakabachi’s doing, is it?"
Rintaro,... Can I--,Can you... what?
Rintaro,...Haah.,... ...I wanted to talk.
Nakabachi,What is that?,"I heard you were giving a presentation on time travel. So I thought about it too. Could it be possible to make a time machine? I’d like your opinion, Papa. We can polish it together, then submit it to the scientific community. I don’t know if they’ll listen, but just in case, I do have acquaintances at Science Magazine."
Nakabachi,Did I ask you to write this?,"Well... no, but... You invited me to come, remember? It was the first time we’d talked in seven years. That’s what got me thinking. And as I worked on the thesis, I started to realize it might actually be possible to build a time machine.  If the thesis is published, you could have your revenge on the scientific community for shunning you--"
Nakabachi,I wasn’t shunned! Those incompetent bastards were just jealous of my superiority. I was the one who gave up on them!,"Please don’t yell... You read really fast, Papa. Just like I remember."
Nakabachi,...Not bad.,"You think so? We can submit it jointly, if you like. I don’t mind."
Nakabachi,"No, don’t do anything. I’ll take care of it.",...What do you mean?
Nakabachi,What? Is that how you look at your father!?,"I’m sorry... Um... we haven’t seen each other in a while. There’s a lot I want to talk about. You’re living in Aomori now, right? I think... my father hates me."
Nakabachi,Leave.,Eh...
Nakabachi,Go back to America. Never show your face to me again!,But--
Nakabachi,You want my opinion!? We’ll submit it jointly!? You don’t mean any of that! I know how you think! Is this pity!? How dare you!? You’re supposed to be my daughter!,I... I don’t understand. Please calm--
Nakabachi,"I am calm! Don’t tell me what to do! I’ll tell you why I called you here today. I wanted to show you my research, research beyond even what you can imagine! I wanted to prove, once and for all, that you are nothing compared to me! But that brat in the lab coat ruined everything! I know you were laughing at me too, don’t you deny it! How dare you treat your own father this way!?",I wasn’t--
Nakabachi,"You want my opinion on this thesis? Fine, I’ll give it to you. I’m going to publish it myself. End of discussion.","... You’re... stealing it, Papa?"
Nakabachi,...What did you say?,You’re stealing my work? I didn’t think even you would do something like-- Ah!
Nakabachi,Who do you think you’re talking to!?,"Ah, guh..."
Nakabachi,...!?,"Guh, gah hoh gah hoh gah hoh..."
Rintaro,Gh--,"Stop it, Papa!"
Rintaro,"Run, Kurisu!","This is crazy, Papa! Please stop!"
Nakabachi,What do you know? What do you know!? If only you’d never been born!,Guh...!
Rintaro,NAKABACHI!,NO! Ah... guh...!
Nakabachi,"Ha... hahahaha! A fitting end for you fools, hahahaha!",I’m... sorry... Haah... haah...
Rintaro,Why...,Because... he’s still... my father. I just... wanted him... to accept me... I studied... so hard... hoping he would... praise me... But now... I finally... understand... Papa... didn’t want... to accept me... I’m such... an idiot... Why... did I save him... I wonder... I’m... sorry... for getting you... involved... Ugh... it hurts... Am I... going to die? I don’t want to die... I don’t want it... to end... like this... Help... me... He...lp... ...
Nakabachi,"I am delighted to have arrived safely in this wonderful country. My deepest gratitude to the Russian government for accepting me. When the cabin filled with smoke, I remained perfectly calm. Some passengers panicked, but they settled down after I gave them a talking to. My compliments to the pilot for his safe landing. He’s a hero, for he saved not only my life, but my historic thesis as well. Indeed. If this thesis had been lost, it would have set scientific progress back a century. This thesis will change the course of human history! This thesis describes the first practical theory of time travel! Do you understand!? Time travel! I, Doctor Nakabachi, have succeeded where countless others have failed! This envelope contains the future of mankind! Soon, all of our dreams shall be realized! When I present this thesis to the scientific community, the world will change forever, and I will be known as the father of the time machine!",You’re stealing my work? I didn’t think even you would do something like--
Mayuri,Look! RaiNet!,"...Ah! H-hey, you just came down from the--"
Rintaro,I...,Eh?
Rintaro,...I’m going to save you.,What? W-wait!
Rintaro,"What are you afraid of, Hououin Kyouma? Everything’s going according to plan. Operation Skuld is flawless. You spent fifteen years perfecting it, remember? Believe in yourself. Believe in Hououin Kyouma.",...I wanted to talk.
Nakabachi,What is that?,I heard you were giving a presentation on time travel. So I thought about it too. Could it be possible to make a time machine?
Nakabachi,I wasn’t shunned! Those incompetent bastards were just jealous of my superiority. I was the one who gave up on them!,"Please don’t yell... Um... we haven’t seen each other in a while. There’s a lot I want to talk about. You’re living in Aomori now, right?"
Nakabachi,Leave.,Eh...
Nakabachi,Go back to America. Never show your face to me again.,But--
Nakabachi,You want my opinion!? We’ll submit it jointly!? You don’t mean any of that! I know how you think! Is this pity!? How dare you!? You’re supposed to be my daughter!,I... I don’t understand. Please calm--
Nakabachi,"I am calm! Don’t tell me what to do! I’ll tell you why I called you here today. I wanted to show you my research, research beyond even what you can imagine! I wanted to prove, once and for all, that you are nothing compared to me! But that brat in the lab coat ruined everything! I know you were laughing at me too, don’t you deny it! How dare you treat your own father this way!?",I wasn’t--
Nakabachi,"You want my opinion? Fine, I’ll give it to you. I’m going to publish it myself. End of discussion.",You’re... stealing it?
Nakabachi,...What did you say?,You’re stealing my work? I didn’t think even you would do something like-- Ah!
Nakabachi,Who do you think you’re talking to!?,"Ah, uuh..."
Nakabachi,You! You’re the brat who ruined my presentation!,"Guh, gah hoh gah hoh gah hoh..."
Rintaro,"’Houou’ for ’phoenix’, then ’in’, and finally the ’terrible truth’ that must never be revealed! Hououin Kyouma! I am the Bringer of Chaos. The Destroyer of Order. And I am the one who will end your ambition!",Run away!
Nakabachi,You little...!,"No! Papa, stop!"
Rintaro,You and the girl... I’ll kill you both!,Don’t move! Lie down! I’ll call an ambulance!
Rintaro,I’m going to save you.,What-- ----
Rintaro,...eh?,It’s you! I’ve been looking everywhere for you! Ever since you saved my life. I was afraid I’d never have a chance to say thank you. I’m so glad we could finally meet. Thank you. Thank you so much. And thank goodness you’re alright.
Rintaro,"It’s me. Why is she here? Reading Steiner didn’t activate. What? Protect her!? Heh... that’s a tall order, my friend. But if that is the choice of Steins Gate... then so be it. El Psy Kongroo. We meet again, Christina.","How many times do I have to tell you!? I’m not Christina, or your assistant or--"
Rintaro,...!?,Eh? Huh? I... why did I say that? Words just... popped into my head...